ndvi_mean,ndvi_change_pct,rainfall_7d_mm,rainfall_30d_mm,temperature_avg_7d_c,humidity_avg_7d_pct,crop_type,crop_age_days,health
0.4103,-12.98,4.0,127.5,33.7,25.7,Soybean,118,0
0.0948,-37.13,8.7,134.0,32.89,56.0,Wheat,27,0
0.4904,-19.11,6.0,133.9,28.75,52.2,Soybean,87,1
0.7041,-18.2,21.2,116.6,30.83,61.2,Sugarcane,118,1
0.1828,7.97,9.7,120.8,34.64,53.3,Wheat,55,0
0.7209,-6.76,43.6,56.7,30.16,56.8,Rice,71,2
0.3122,7.67,31.7,104.5,32.16,33.1,Rice,37,0
0.1927,-8.96,67.4,67.4,33.84,29.8,Soybean,29,0
0.8215,10.27,49.8,72.6,26.69,67.9,Soybean,88,2
0.1721,-18.78,42.4,97.1,32.45,48.6,Rice,18,0
0.665,1.26,13.5,71.8,27.09,37.1,Wheat,123,2
0.306,49.44,41.2,123.3,28.51,48.7,Rice,31,0
0.0516,-20.82,5.1,110.0,24.47,49.3,Cotton,26,0
0.4587,-9.61,24.9,42.5,27.3,67.6,Sugarcane,72,1
0.0858,-59.52,0.0,93.6,26.35,58.5,Wheat,34,0
0.05,-69.71,34.5,101.0,35.8,67.5,Sugarcane,21,0
0.05,0.0,6.8,70.5,22.12,64.5,Sugarcane,33,0
0.3256,27.42,51.0,189.8,43.57,61.2,Wheat,119,0
0.4787,-0.67,19.6,59.4,28.3,71.0,Rice,56,1
0.05,-29.97,17.8,87.3,37.84,57.0,Cotton,25,0
0.05,-62.69,11.9,196.4,24.89,67.6,Cotton,15,0
0.6248,10.65,29.0,57.3,31.23,48.2,Sugarcane,82,2
0.8085,2.17,34.0,84.1,30.43,74.6,Soybean,114,2
0.3125,-24.86,68.4,99.2,22.88,34.5,Rice,23,0
0.3225,0.1,66.5,66.5,24.53,64.6,Sugarcane,35,0
0.1699,41.12,65.2,94.5,32.22,24.2,Rice,11,0
0.2001,3.04,21.6,135.8,22.37,55.5,Wheat,37,0
0.7921,-1.32,63.4,82.3,25.52,51.6,Wheat,102,2
0.05,0.0,35.7,215.9,38.38,42.2,Sugarcane,29,0
0.1719,58.96,60.1,60.1,25.73,22.8,Rice,12,0
0.5627,-22.42,16.8,46.2,28.53,28.6,Sugarcane,94,1
0.9171,-3.47,75.9,235.3,23.14,49.5,Rice,114,2
0.2313,6.59,49.4,111.7,27.12,53.0,Rice,30,0
0.0575,-42.99,16.1,113.6,34.06,57.3,Soybean,34,0
0.6161,0.87,37.9,85.1,39.47,78.6,Sugarcane,129,1
0.5774,-12.07,2.2,149.6,30.31,62.2,Rice,83,1
0.6423,-1.03,18.2,103.2,29.26,50.6,Cotton,147,1
0.7064,12.84,0.0,78.2,29.88,59.4,Rice,130,1
0.05,-44.4,0.0,133.2,27.36,54.1,Sugarcane,42,0
0.9019,-5.06,73.3,148.9,31.2,81.2,Sugarcane,138,2
0.5824,-16.06,12.6,139.5,23.11,66.7,Sugarcane,98,1
0.8541,-9.6,48.3,48.3,28.67,37.4,Sugarcane,111,2
0.761,-10.72,4.7,91.6,22.92,44.9,Rice,121,1
0.5343,6.73,37.6,93.6,31.07,79.2,Wheat,75,1
0.2518,-21.82,66.9,108.4,33.23,46.4,Sugarcane,26,0
0.905,-4.74,36.8,46.8,28.26,52.7,Rice,116,2
0.6582,-0.1,67.0,67.0,24.89,58.0,Sugarcane,63,2
0.4475,-23.76,51.0,117.7,40.64,51.9,Soybean,110,1
0.1163,-18.49,62.7,62.7,22.74,31.0,Wheat,11,0
0.483,-17.45,0.0,0.0,29.27,47.9,Sugarcane,119,0
0.7575,0.34,33.5,128.0,30.15,63.0,Soybean,103,2
0.3247,49.28,20.2,116.1,27.67,53.2,Rice,37,0
0.2387,-28.27,0.0,56.1,32.75,50.7,Rice,43,0
0.05,0.0,10.8,157.7,29.46,42.4,Wheat,15,0
0.3919,-6.78,50.1,176.0,22.09,60.9,Soybean,47,1
0.7473,-3.32,53.2,59.7,26.33,39.0,Wheat,109,2
0.9492,2.07,39.0,156.0,27.29,32.8,Rice,90,2
0.05,-54.54,26.7,107.4,38.76,86.2,Soybean,30,0
0.5776,26.74,38.3,88.7,30.57,42.5,Sugarcane,69,1
0.05,0.0,22.7,186.9,34.53,40.6,Rice,15,0
0.6991,-19.32,45.5,73.0,34.32,37.9,Wheat,101,2
0.8273,-3.57,32.3,119.0,28.72,52.4,Rice,113,2
0.603,-6.13,45.3,123.3,34.43,60.5,Cotton,79,2
0.1664,-40.59,0.0,73.2,19.05,32.6,Sugarcane,53,0
0.05,-67.3,0.0,62.8,41.1,61.5,Sugarcane,26,0
0.5469,4.84,32.5,85.7,32.95,60.2,Sugarcane,64,1
0.6916,-1.88,5.7,45.6,35.68,52.1,Rice,148,1
0.8621,-3.29,36.5,168.2,27.19,40.9,Rice,115,2
0.1825,12.47,16.5,147.4,17.03,43.2,Soybean,50,0
0.7296,-6.65,23.7,82.0,30.02,39.9,Wheat,100,2
0.6286,10.42,37.4,191.8,28.56,50.4,Cotton,77,2
0.5673,5.35,17.2,45.6,28.65,60.0,Wheat,79,1
0.1497,-6.21,26.0,57.4,31.74,57.8,Cotton,36,0
0.6626,-6.59,34.7,34.7,35.68,73.7,Soybean,108,1
0.5997,5.27,22.7,36.4,32.57,85.0,Cotton,144,1
0.2922,-10.73,0.0,102.5,38.11,30.2,Wheat,145,0
0.9464,3.86,36.0,36.0,31.58,46.3,Rice,147,2
0.7483,-1.85,49.1,112.4,20.57,63.1,Cotton,139,2
0.5127,-20.86,9.8,25.9,32.57,58.6,Sugarcane,118,0
0.1182,-41.6,36.7,59.0,31.36,47.0,Wheat,10,0
0.7645,2.3,70.3,217.5,26.97,25.9,Wheat,129,2
0.4626,-2.18,44.5,116.2,21.53,65.5,Rice,36,1
0.3437,3.14,45.4,45.4,29.82,49.1,Wheat,29,0
0.2401,8.8,44.7,106.0,24.65,57.7,Soybean,19,0
0.6768,-6.79,7.4,72.9,28.59,29.4,Rice,115,1
0.9418,-0.86,49.6,103.6,25.43,35.2,Rice,113,2
0.494,-13.2,40.5,109.4,28.17,67.3,Soybean,49,1
0.7173,0.7,17.5,68.2,26.6,66.9,Cotton,124,1
0.5834,24.55,23.9,137.6,17.74,42.6,Sugarcane,81,1
0.6614,-9.86,25.0,145.6,27.77,39.5,Rice,73,2
0.3561,20.64,44.0,78.9,32.24,54.8,Wheat,38,0
0.2012,-32.68,0.0,124.3,27.25,39.7,Wheat,48,0
0.5494,8.36,6.9,163.1,30.41,66.5,Wheat,137,1
0.3509,-12.13,43.7,80.6,30.39,57.4,Wheat,36,1
0.855,-6.13,55.0,149.4,23.9,27.1,Soybean,108,2
0.4702,-24.41,20.7,45.3,29.06,50.5,Sugarcane,74,1
0.05,-61.65,7.0,132.8,32.2,61.6,Soybean,21,0
0.7256,-12.37,38.5,38.5,29.42,46.7,Cotton,125,2
0.7637,-3.58,36.4,157.5,29.06,58.0,Soybean,125,2
0.05,-52.9,28.7,86.0,37.99,68.4,Cotton,26,0
0.5434,-7.9,2.9,82.4,25.27,36.2,Rice,68,1
0.1952,38.61,54.9,143.0,34.13,55.6,Wheat,36,0
0.834,-1.54,62.2,145.0,28.34,36.3,Soybean,115,2
0.7977,-2.36,36.3,64.8,25.86,59.7,Soybean,121,2
0.5527,-4.12,18.0,161.9,23.19,23.3,Cotton,144,1
0.6543,3.61,60.4,60.4,30.98,78.4,Wheat,82,2
0.6993,-5.97,21.8,161.4,38.19,50.0,Rice,121,1
0.3839,-24.83,33.3,108.3,44.89,67.8,Rice,134,0
0.6668,-3.68,52.7,91.6,30.39,55.2,Wheat,75,2
0.513,-15.35,5.4,17.9,28.71,56.3,Soybean,143,1
0.6263,-3.43,15.4,87.7,30.39,39.9,Wheat,83,2
0.2162,-22.65,29.7,79.0,28.48,54.6,Rice,25,0
0.3007,19.36,2.7,104.4,35.22,48.5,Cotton,143,0
0.5968,6.53,19.8,91.9,27.44,70.7,Wheat,85,1
0.5778,-17.64,39.7,95.1,28.26,78.8,Rice,61,1
0.1758,16.54,31.7,36.2,25.24,61.0,Sugarcane,24,0
0.7005,4.93,65.9,116.5,35.82,26.8,Soybean,129,2
0.7145,-3.02,25.8,184.1,28.15,61.2,Soybean,118,2
0.7925,0.67,59.1,172.4,30.55,63.8,Soybean,143,1
0.1699,-17.14,52.2,114.5,35.0,59.3,Soybean,31,0
0.0569,13.76,0.0,3.8,31.26,62.2,Rice,29,0
0.1866,47.58,86.1,89.9,31.04,79.3,Rice,17,0
0.4617,-8.53,0.0,77.2,25.29,68.9,Sugarcane,115,0
0.7255,13.27,45.4,45.4,23.79,71.6,Soybean,79,2
0.5279,8.39,0.0,101.5,32.68,60.6,Cotton,95,1
0.95,0.0,45.1,74.9,26.59,68.1,Rice,114,2
0.6643,0.27,38.8,128.3,29.61,57.0,Sugarcane,65,2
0.7613,-5.63,45.8,90.1,30.7,65.1,Wheat,107,1
0.4989,-0.62,66.1,66.1,20.72,39.3,Rice,55,1
0.3144,67.32,45.5,107.0,30.58,61.1,Sugarcane,29,0
0.6644,1.85,30.9,89.8,34.23,72.8,Wheat,95,2
0.6963,-8.37,54.7,62.1,33.03,65.2,Wheat,108,2
0.5351,-7.66,10.9,47.0,26.31,63.1,Rice,71,1
0.8113,-4.2,32.7,212.3,22.11,77.1,Sugarcane,149,2
0.546,-3.05,26.2,162.7,26.72,72.0,Sugarcane,74,1
0.6212,18.18,66.1,86.1,28.02,38.3,Wheat,73,2
0.8922,1.03,63.0,230.5,26.07,76.5,Sugarcane,142,2
0.3849,2.0,32.8,69.6,22.01,31.8,Soybean,44,1
0.4701,-5.94,49.9,99.0,25.72,73.4,Cotton,44,1
0.4131,-9.24,58.3,120.7,31.99,62.8,Wheat,54,1
0.5871,-1.3,62.6,132.0,36.44,50.9,Cotton,136,1
0.9125,-0.02,58.3,71.9,30.76,40.2,Rice,89,2
0.6189,16.45,25.4,76.5,37.86,53.5,Rice,129,1
0.5687,-7.02,12.9,159.1,28.18,74.3,Sugarcane,87,1
0.7374,-5.32,73.0,73.0,18.99,46.9,Wheat,85,2
0.571,6.27,55.5,141.5,29.92,69.4,Sugarcane,57,1
0.7034,1.35,30.0,163.6,16.75,33.7,Soybean,138,2
0.05,-51.54,5.4,47.0,41.29,82.0,Cotton,45,0
0.4324,-6.14,27.1,40.1,28.58,31.0,Sugarcane,62,1
0.05,0.0,0.0,132.7,25.0,64.5,Wheat,28,0
0.6041,-10.16,45.3,83.0,36.66,70.1,Wheat,118,1
0.152,-23.17,0.0,43.7,36.42,39.1,Sugarcane,76,0
0.1495,-20.07,13.7,56.3,25.44,41.8,Wheat,20,0
0.4235,38.03,25.4,54.3,15.74,34.3,Soybean,68,1
0.2061,-17.11,28.9,154.5,31.05,66.7,Cotton,37,0
0.6908,-0.75,44.0,118.3,26.25,38.2,Rice,75,2
0.9198,6.21,30.7,118.5,32.09,78.3,Rice,121,2
0.7714,13.8,56.1,93.4,26.94,27.9,Wheat,103,2
0.6616,-2.95,10.1,105.1,25.37,45.6,Wheat,145,1
0.4139,0.49,55.0,94.9,32.98,48.3,Wheat,52,1
0.6673,-6.42,46.3,119.7,36.68,76.7,Soybean,145,1
0.8503,15.58,15.0,171.0,30.82,51.7,Rice,147,2
0.3848,-13.5,31.5,102.5,22.37,54.7,Soybean,38,1
0.5969,4.33,20.1,20.1,30.29,67.7,Wheat,104,1
0.7591,22.15,31.3,31.3,32.07,66.3,Soybean,140,2
0.5362,-9.19,0.0,72.6,23.1,67.1,Wheat,137,1
0.6628,3.49,24.9,108.8,21.57,72.9,Wheat,112,2
0.8751,-5.12,35.7,138.4,30.46,31.2,Rice,120,2
0.3754,-9.51,51.9,103.5,31.06,82.9,Sugarcane,36,1
0.5363,-24.71,10.1,111.4,31.19,47.1,Soybean,133,2
0.7354,-2.8,52.9,84.5,27.74,63.4,Cotton,108,2
0.2062,-24.55,20.6,64.6,26.95,51.2,Rice,31,0
0.3969,-16.26,20.5,108.8,23.37,74.9,Cotton,53,1
0.8778,-1.2,40.1,40.1,28.88,60.5,Soybean,146,2
0.7124,-0.79,60.7,60.7,27.41,52.5,Cotton,146,2
0.1517,-16.56,38.4,44.2,25.64,77.2,Sugarcane,20,0
0.8591,2.32,45.1,80.9,31.88,33.9,Cotton,146,2
0.0723,-38.94,15.5,124.7,30.28,64.8,Rice,18,0
0.7021,-12.89,0.0,153.0,35.84,42.2,Rice,96,1
0.5616,8.72,24.6,79.5,30.95,76.0,Rice,62,1
0.3766,35.24,46.4,127.3,27.65,41.1,Rice,42,1
0.548,-8.04,19.0,19.0,22.76,71.8,Soybean,81,1
0.05,-29.73,26.4,104.5,40.63,77.7,Cotton,41,0
0.808,-4.15,27.4,70.2,36.34,53.3,Rice,125,1
0.8294,-0.29,54.1,54.1,24.73,61.9,Wheat,102,2
0.4307,32.5,0.0,1.6,29.55,71.9,Wheat,74,1
0.4918,-6.43,82.4,82.4,27.05,80.6,Sugarcane,48,1
0.8478,-2.04,49.4,49.5,33.39,34.4,Sugarcane,116,2
0.0772,54.39,14.4,36.4,27.23,38.4,Cotton,27,0
0.3334,-17.8,15.8,58.8,35.63,60.0,Cotton,72,0
0.9448,14.53,79.9,96.6,29.34,63.2,Rice,115,2
0.5703,33.81,12.1,155.6,27.42,26.0,Wheat,116,1
0.5983,-9.78,19.4,143.9,34.99,52.4,Rice,137,1
0.5623,13.3,54.5,54.5,39.04,40.6,Wheat,89,1
0.7747,-1.35,23.5,132.0,30.18,53.4,Sugarcane,132,1
0.8409,2.68,43.8,109.8,21.16,44.1,Rice,87,2
0.5469,-8.21,11.8,128.6,33.05,52.8,Soybean,105,1
0.7899,10.38,6.5,58.3,23.18,57.4,Rice,124,1
0.8661,-6.87,38.5,89.4,21.73,36.1,Sugarcane,118,2
0.174,126.67,59.7,82.3,31.75,44.5,Rice,15,0
0.0689,15.3,5.4,67.2,22.07,33.9,Cotton,36,0
0.4416,-17.69,38.0,101.9,36.89,39.0,Soybean,67,1
0.1922,0.4,22.2,157.9,31.54,57.9,Soybean,38,0
0.4989,22.02,28.9,93.9,25.61,63.0,Sugarcane,48,1
0.1413,-33.75,44.4,92.3,32.81,72.6,Cotton,14,0
0.3891,0.06,39.4,143.9,22.9,42.5,Soybean,41,1
0.4264,-15.83,0.0,138.7,29.04,51.9,Soybean,141,0
0.5474,2.0,46.2,46.2,29.27,53.2,Sugarcane,50,1
0.8216,-2.76,61.8,116.8,27.07,51.5,Rice,137,2
0.8806,-7.31,33.2,209.3,23.5,53.5,Soybean,111,2
0.4485,-3.35,30.0,104.1,25.51,53.7,Wheat,67,1
0.506,10.98,0.0,139.4,30.82,44.1,Cotton,117,1
0.7876,0.96,60.7,60.7,32.2,46.9,Cotton,88,2
0.05,0.0,0.0,20.9,26.34,36.3,Rice,17,0
0.2429,-8.16,35.1,35.1,26.53,57.1,Sugarcane,42,0
0.5355,-7.41,36.5,141.2,28.18,46.3,Soybean,72,1
0.6852,-9.23,33.2,60.8,26.36,64.1,Cotton,146,2
0.1424,-2.99,78.1,146.4,29.49,40.9,Cotton,19,0
0.7692,10.65,29.2,79.3,21.79,47.3,Wheat,133,2
0.523,-11.45,32.8,70.6,36.39,62.6,Wheat,121,1
0.1084,39.55,37.8,65.4,33.46,43.4,Rice,20,0
0.1561,22.7,45.7,175.5,40.34,39.5,Cotton,50,0
0.6309,4.6,3.6,37.4,28.28,36.7,Wheat,105,1
0.3191,-22.72,22.2,67.4,29.36,35.6,Sugarcane,43,0
0.6132,24.75,35.3,35.3,36.31,67.1,Rice,78,1
0.753,15.23,60.3,145.5,21.04,59.5,Cotton,79,2
0.2905,-1.16,0.0,73.7,27.36,52.8,Wheat,61,0
0.2007,-11.62,22.4,69.5,29.46,26.2,Sugarcane,37,0
0.4218,-2.83,0.0,0.0,30.37,54.9,Cotton,78,1
0.2411,-13.82,42.1,77.0,18.46,66.5,Rice,11,0
0.4474,-0.76,51.5,167.9,24.62,51.6,Rice,41,1
0.8739,6.59,44.5,94.4,30.1,51.1,Cotton,99,2
0.721,10.26,52.0,52.0,22.45,24.4,Wheat,83,1
0.4498,5.94,14.0,101.6,27.5,65.1,Rice,54,0
0.1162,-26.73,0.0,122.8,23.58,76.2,Rice,24,0
0.2752,15.52,47.0,71.5,30.18,68.1,Wheat,35,0
0.4321,-18.6,0.0,126.5,38.04,76.4,Rice,143,0
0.7508,13.29,32.5,32.5,30.33,39.0,Wheat,109,2
0.05,0.0,10.4,33.2,18.22,51.0,Soybean,24,0
0.05,-65.53,3.1,62.3,34.36,64.0,Soybean,34,0
0.1483,-20.33,33.7,66.5,31.18,43.3,Wheat,11,0
0.3523,1.44,0.0,59.2,34.13,50.2,Soybean,95,0
0.7991,-6.11,58.2,87.2,23.04,46.3,Soybean,128,2
0.1738,-16.94,19.9,46.8,35.47,34.7,Cotton,40,0
0.05,-30.82,10.0,26.3,29.47,36.6,Sugarcane,43,0
0.3673,9.41,7.3,46.4,39.0,55.8,Sugarcane,104,0
0.3985,-13.7,4.4,135.4,22.99,50.7,Sugarcane,82,0
0.142,7.51,24.1,53.3,31.43,58.6,Cotton,29,0
0.4732,18.22,22.3,95.2,37.48,34.9,Wheat,83,0
0.4272,2.81,34.3,62.0,29.16,51.2,Cotton,57,1
0.6333,-11.28,9.8,22.0,30.95,63.2,Wheat,115,1
0.7606,5.19,37.6,85.4,26.35,88.2,Cotton,136,2
0.535,-12.66,0.0,146.1,28.53,38.3,Cotton,85,1
0.1181,14.4,46.5,89.5,36.95,57.4,Soybean,31,0
0.0712,42.36,30.4,50.5,29.65,54.0,Rice,11,0
0.5577,0.55,35.1,66.1,35.54,47.6,Rice,67,1
0.8318,-6.0,18.4,139.8,24.03,59.4,Rice,88,2
0.3723,7.47,0.0,40.3,32.3,62.5,Cotton,74,0
0.66,19.7,59.0,232.9,30.83,63.7,Wheat,79,2
0.5545,-3.42,0.0,176.1,30.36,60.7,Wheat,109,1
0.0611,22.23,43.3,80.2,27.29,33.9,Cotton,11,0
0.371,-8.41,29.1,92.7,18.22,41.3,Cotton,48,1
0.4408,-5.99,55.6,128.9,28.52,48.0,Soybean,50,1
0.8532,4.69,33.3,130.9,29.47,66.8,Sugarcane,112,2
0.8703,3.38,36.4,36.4,25.43,66.6,Rice,139,2
0.7345,-4.0,10.0,100.6,30.95,62.4,Rice,82,2
0.8909,-0.88,31.6,95.4,30.08,66.6,Rice,129,2
0.3338,-25.17,29.3,99.7,40.03,47.1,Wheat,75,0
0.6763,-9.41,20.5,106.2,25.01,49.7,Cotton,103,2
0.0617,-23.24,27.6,73.4,42.52,60.9,Rice,52,0
0.1607,45.44,20.9,96.4,28.68,66.0,Wheat,35,0
0.413,14.93,38.3,49.5,32.39,43.8,Rice,46,1
0.95,12.08,62.5,121.7,32.02,73.7,Soybean,116,2
0.3552,-6.96,8.7,36.1,27.5,36.8,Wheat,58,1
0.4407,5.28,45.1,71.3,39.61,58.5,Cotton,95,1
0.2986,1.46,27.0,66.6,39.05,63.2,Soybean,66,0
0.8244,5.81,34.3,34.3,28.1,55.2,Rice,86,2
0.6389,-6.72,32.3,120.2,34.4,50.6,Cotton,149,2
0.7156,-2.47,49.8,139.0,35.46,81.7,Sugarcane,109,2
0.05,0.0,13.8,15.7,29.46,43.5,Wheat,14,0
0.05,0.0,33.8,119.0,39.93,59.2,Wheat,16,0
0.5154,-4.28,6.9,37.8,28.8,53.6,Soybean,108,1
0.05,-23.46,0.0,137.1,31.46,45.7,Sugarcane,33,1
0.7814,6.34,4.1,85.8,32.38,19.3,Rice,112,1
0.6136,1.94,57.1,117.5,17.11,43.2,Wheat,70,2
0.493,15.3,45.2,79.3,19.77,48.2,Soybean,50,1
0.1063,112.62,33.2,33.2,22.61,83.3,Sugarcane,21,0
0.6204,-18.05,57.6,103.8,31.29,60.4,Soybean,62,2
0.1386,-33.8,41.2,147.1,35.01,48.6,Sugarcane,19,0
0.5037,-1.55,17.3,74.7,26.55,41.6,Sugarcane,126,1
0.7204,-4.51,78.4,90.7,35.46,58.9,Cotton,121,2
0.95,1.74,42.4,108.3,27.56,61.1,Soybean,134,2
0.3657,-19.43,58.5,90.6,17.08,62.8,Wheat,55,1
0.5845,-4.8,7.4,12.4,30.3,54.5,Wheat,107,1
0.05,-17.59,56.2,132.2,36.4,52.1,Cotton,16,0
0.5986,-11.51,25.6,55.4,36.51,66.2,Soybean,148,1
0.6324,-16.39,0.4,0.4,29.75,59.9,Wheat,134,1
0.5356,-6.43,21.2,114.0,41.66,77.2,Rice,146,0
0.7181,20.65,2.5,78.1,28.43,78.9,Rice,140,1
0.6952,2.94,31.1,85.7,27.63,66.9,Soybean,106,2
0.3104,-25.35,0.0,123.4,34.62,54.3,Soybean,143,0
0.4609,-15.35,7.8,32.0,26.79,52.3,Sugarcane,85,0
0.8633,1.99,37.0,55.1,24.67,30.3,Sugarcane,110,2
0.6647,-13.73,7.5,168.8,20.49,33.4,Wheat,105,1
0.5842,4.69,45.4,45.4,19.69,50.8,Cotton,57,1
0.2528,-19.61,82.7,82.7,28.92,82.3,Cotton,37,0
0.6095,-0.37,23.9,42.1,24.08,59.1,Rice,63,2
0.3943,-6.95,5.7,127.0,33.1,94.1,Sugarcane,83,0
0.6367,-3.47,16.6,69.8,31.71,42.6,Wheat,126,2
0.2372,5.02,0.0,0.0,22.7,35.3,Sugarcane,68,0
0.2742,4.3,19.0,156.1,32.31,55.2,Rice,40,0
0.6021,-3.84,7.3,91.8,18.84,58.2,Soybean,136,1
0.8854,-5.72,35.4,88.2,28.5,53.3,Rice,91,2
0.422,9.8,35.7,89.9,33.08,44.5,Rice,44,1
0.6385,-4.2,26.9,26.9,26.26,73.5,Cotton,79,2
0.064,-6.73,60.4,136.0,36.61,60.4,Rice,14,1
0.7707,-4.14,50.1,96.2,26.07,55.2,Soybean,74,2
0.4839,0.88,74.6,79.3,20.0,83.4,Sugarcane,46,1
0.64,-3.73,16.5,147.4,31.71,58.7,Sugarcane,131,1
0.6001,-8.6,8.4,8.9,32.07,64.5,Cotton,124,1
0.5731,-6.7,28.9,65.6,27.44,85.3,Cotton,83,1
0.2363,-21.83,19.2,19.2,30.95,49.3,Wheat,52,0
0.8048,4.91,39.0,92.3,35.64,80.2,Rice,88,2
0.5059,-13.33,0.0,113.5,40.36,64.6,Rice,109,0
0.4543,-17.68,9.6,41.8,35.33,75.6,Wheat,107,1
0.7955,-4.5,41.5,139.7,29.41,76.2,Wheat,148,2
0.2266,-7.06,41.7,125.6,20.96,42.7,Wheat,19,0
0.8057,5.1,16.4,160.6,28.56,58.1,Rice,85,2
0.5743,4.27,50.7,50.7,20.66,67.4,Soybean,64,1
0.4512,8.31,29.8,136.5,25.14,79.9,Rice,53,1
0.1184,-22.37,16.2,82.2,35.77,77.0,Wheat,48,0
0.101,-12.86,28.6,90.3,34.7,73.1,Soybean,33,0
0.95,1.0,44.7,85.6,24.15,40.6,Rice,129,2
0.6127,8.03,37.3,209.6,23.71,26.5,Sugarcane,59,2
0.7046,5.68,36.7,42.5,28.1,61.7,Soybean,83,2
0.359,7.97,19.4,95.9,27.0,50.9,Rice,45,1
0.05,-55.73,18.4,114.3,27.8,60.5,Sugarcane,14,0
0.3187,-5.45,60.8,78.9,33.98,44.6,Cotton,52,0
0.8968,2.51,62.2,62.2,22.6,39.5,Rice,148,2
0.8079,9.0,42.4,97.3,30.97,42.1,Soybean,81,2
0.8455,-0.03,35.3,81.2,31.0,12.1,Sugarcane,92,2
0.2638,-6.1,28.1,33.0,28.29,56.0,Rice,31,0
0.7717,2.01,34.4,154.5,20.33,57.7,Soybean,120,2
0.7758,3.71,76.0,76.0,23.15,35.5,Soybean,73,2
0.2324,-32.89,6.4,78.2,41.29,75.9,Cotton,129,0
0.3403,-14.16,55.5,148.0,34.23,48.0,Cotton,48,0
0.05,-55.3,0.0,95.7,34.4,37.0,Wheat,13,0
0.05,0.0,12.6,12.6,26.33,68.3,Sugarcane,17,0
0.3107,0.2,50.6,128.5,33.84,63.7,Soybean,41,0
0.6126,6.92,43.9,66.8,31.33,39.8,Wheat,62,2
0.3895,7.37,39.6,94.7,29.05,54.2,Rice,42,1
0.5648,-3.3,10.4,64.2,34.5,65.1,Wheat,116,1
0.05,-33.99,23.5,138.5,33.37,40.3,Wheat,24,0
0.7057,4.46,37.0,37.0,25.83,49.5,Rice,74,1
0.3218,-12.66,49.5,127.6,33.22,31.9,Soybean,37,0
0.63,0.91,27.1,182.1,38.62,30.0,Soybean,108,0
0.3296,-25.93,5.1,114.7,28.46,63.3,Soybean,66,0
0.7247,4.43,57.4,119.0,32.66,45.0,Cotton,103,2
0.1699,20.19,54.4,82.2,36.15,75.5,Sugarcane,31,0
0.8104,4.75,33.2,73.0,24.55,33.0,Sugarcane,87,2
0.0543,8.63,0.0,115.5,36.65,56.0,Soybean,57,0
0.4331,-2.28,0.0,95.8,17.79,35.2,Sugarcane,109,0
0.7705,-5.43,52.3,127.6,34.7,55.0,Soybean,114,2
0.5207,5.26,21.7,49.1,31.11,53.6,Wheat,75,1
0.758,-8.62,32.0,46.9,33.04,46.6,Rice,114,2
0.3008,8.04,31.0,147.1,29.1,37.0,Wheat,37,0
0.4465,-3.0,0.0,107.9,38.72,78.6,Sugarcane,95,0
0.9257,-2.56,35.6,35.6,25.78,44.9,Rice,144,2
0.0682,36.45,22.2,52.7,33.35,72.7,Wheat,16,0
0.4879,-0.3,65.5,69.9,25.25,79.6,Wheat,49,1
0.5411,13.34,35.7,170.0,31.11,65.9,Sugarcane,54,1
0.6569,-2.7,21.8,21.8,18.36,39.7,Rice,71,2
0.5214,12.03,0.0,88.6,30.52,44.0,Cotton,128,1
0.2036,13.58,80.8,88.4,34.14,54.2,Rice,28,0
0.3886,-26.08,10.4,83.7,25.95,89.5,Sugarcane,72,1
0.05,-69.33,0.0,67.6,30.05,78.8,Wheat,13,0
0.1026,-60.5,28.5,209.5,26.57,43.5,Sugarcane,29,0
0.2277,-2.74,61.2,124.4,38.83,31.8,Cotton,54,0
0.05,-59.04,23.2,127.0,40.8,49.7,Soybean,22,0
0.5481,-19.02,14.2,142.9,30.89,24.3,Sugarcane,140,0
0.05,-40.5,25.7,90.7,32.68,34.6,Cotton,21,0
0.4209,-11.84,0.0,107.9,34.46,62.3,Soybean,104,0
0.79,2.92,61.5,84.0,24.55,47.6,Wheat,101,2
0.4455,-1.19,52.2,161.2,33.98,41.0,Rice,56,1
0.718,-5.71,19.0,66.3,25.64,50.3,Sugarcane,142,1
0.1693,28.73,22.7,90.2,30.28,61.5,Wheat,17,0
0.4527,14.36,0.0,128.5,35.34,42.1,Wheat,99,0
0.1517,-27.62,18.3,34.6,30.15,47.2,Rice,27,0
0.7314,3.31,33.9,138.5,35.19,45.0,Soybean,145,1
0.6019,-0.66,63.2,63.2,39.07,63.9,Rice,94,1
0.3805,7.69,28.2,92.2,32.79,57.0,Sugarcane,61,1
0.1767,5.49,70.4,129.0,30.44,66.2,Rice,21,0
0.7681,-4.58,38.3,99.3,32.44,63.2,Wheat,107,2
0.5935,1.29,11.8,108.5,32.34,45.0,Cotton,139,1
0.2205,-45.2,61.6,143.3,31.69,84.6,Rice,23,1
0.1849,-8.38,39.3,131.8,28.43,81.7,Cotton,20,0
0.56,15.24,26.6,59.6,25.12,95.1,Cotton,75,1
0.1736,41.19,43.7,117.7,32.38,45.3,Soybean,12,0
0.489,-16.76,0.3,143.2,32.44,69.6,Soybean,120,0
0.6061,6.53,34.4,121.4,30.9,40.2,Cotton,81,2
0.05,0.0,0.0,40.9,25.38,49.6,Wheat,37,0
0.4137,-22.82,0.5,84.2,34.29,35.5,Soybean,146,0
0.7452,-5.26,59.1,74.7,34.52,61.4,Sugarcane,87,2
0.085,-47.15,16.3,92.1,28.69,65.6,Rice,24,0
0.7839,12.91,60.2,201.7,34.01,76.4,Soybean,96,2
0.05,-17.04,15.2,44.3,28.69,64.2,Sugarcane,28,0
0.5471,-9.07,51.7,65.8,31.73,71.5,Soybean,54,1
0.5928,1.98,8.7,103.0,30.29,62.3,Soybean,131,1
0.3603,4.5,34.6,147.5,28.78,33.9,Soybean,38,2
0.3515,-5.34,71.1,71.1,27.31,56.6,Soybean,43,1
0.8378,-7.21,39.9,39.9,28.81,50.3,Sugarcane,125,2
0.3274,8.83,20.6,20.6,23.34,69.4,Cotton,64,0
0.6972,10.09,49.2,62.1,35.52,43.9,Rice,77,2
0.2003,-8.49,4.3,79.1,30.39,47.6,Sugarcane,56,0
0.3045,-18.86,28.5,67.9,29.76,63.3,Soybean,32,0
0.8096,3.55,42.9,114.2,32.52,39.9,Soybean,131,2
0.3071,-21.25,33.5,144.4,33.32,52.6,Soybean,47,0
0.05,-57.02,22.2,98.3,32.89,68.7,Sugarcane,25,0
0.8078,-1.67,23.5,90.9,28.83,26.7,Rice,123,2
0.1942,-34.27,42.2,42.2,20.86,49.8,Wheat,17,0
0.3651,-4.14,24.2,102.8,29.89,63.1,Wheat,57,1
0.5955,6.92,9.9,72.7,15.48,45.7,Wheat,125,1
0.05,-38.88,0.0,100.8,24.36,62.3,Wheat,10,0
0.7606,-1.05,33.1,77.2,21.32,32.8,Soybean,105,1
0.8446,2.28,5.9,76.1,30.13,59.9,Rice,98,2
0.3167,41.59,29.4,65.0,21.25,47.3,Cotton,50,0
0.5311,5.92,44.6,120.1,24.48,51.1,Wheat,72,1
0.6318,-16.86,12.2,142.6,21.42,36.3,Cotton,89,1
0.3589,-9.69,0.0,88.0,18.02,24.7,Sugarcane,79,0
0.8056,-0.46,32.9,137.2,29.68,73.4,Sugarcane,116,2
0.9344,-1.64,100.4,108.8,30.9,62.9,Soybean,89,2
0.6378,-3.7,21.5,95.4,22.6,62.9,Cotton,145,2
0.9353,2.16,79.6,92.3,29.32,49.4,Sugarcane,131,2
0.7644,-7.04,16.5,88.1,21.09,65.6,Rice,77,2
0.8421,10.3,35.9,42.8,27.86,66.6,Sugarcane,92,2
0.671,-10.08,42.3,193.2,35.81,26.6,Sugarcane,75,2
0.6676,2.04,57.4,117.5,22.45,64.2,Soybean,82,2
0.5244,-17.07,17.5,134.5,33.87,74.7,Sugarcane,80,1
0.3938,-5.35,32.2,78.1,22.94,40.7,Cotton,52,1
0.3778,-17.35,55.1,144.0,27.84,63.9,Wheat,45,1
0.9012,6.94,34.0,172.4,28.09,61.7,Rice,122,2
0.0784,-16.62,14.4,143.8,30.78,50.4,Wheat,22,0
0.2307,-32.63,11.8,92.0,27.44,31.2,Rice,40,0
0.106,-44.54,0.0,84.4,36.81,52.2,Cotton,55,0
0.7628,-3.5,53.4,73.3,33.32,42.8,Cotton,144,2
0.4694,-13.92,23.3,57.5,37.03,70.7,Cotton,104,1
0.0922,-26.21,55.8,55.8,33.63,51.2,Cotton,18,0
0.4015,-20.03,47.9,95.7,22.72,52.5,Sugarcane,34,1
0.3862,0.31,42.3,132.5,32.63,66.8,Rice,39,1
0.3684,-25.3,38.5,99.3,31.79,34.9,Cotton,39,1
0.5801,5.72,37.7,191.6,23.88,58.0,Rice,63,1
0.4675,7.91,75.0,112.4,27.12,92.4,Cotton,55,1
0.3341,-12.65,54.2,210.9,22.05,76.9,Soybean,35,0
0.1782,17.6,49.7,88.1,32.23,43.5,Sugarcane,22,0
0.3739,-13.6,0.0,133.1,34.96,44.5,Sugarcane,133,0
0.5719,6.62,7.9,142.6,28.68,85.3,Rice,71,1
0.7914,10.85,48.2,149.5,25.74,53.1,Cotton,112,2
0.8328,4.09,35.9,35.9,21.22,80.0,Sugarcane,124,2
0.7172,-4.6,65.6,70.3,35.84,55.8,Wheat,90,2
0.336,-0.08,45.6,107.4,27.84,83.7,Sugarcane,39,0
0.301,13.13,19.3,105.7,28.16,31.3,Sugarcane,53,0
0.3306,-26.37,42.2,116.3,31.84,26.0,Wheat,46,0
0.068,17.08,12.8,94.0,25.83,63.4,Rice,18,0
0.2909,-19.36,0.0,111.4,42.13,75.3,Wheat,105,0
0.1522,93.62,62.1,62.1,25.5,52.5,Sugarcane,21,0
0.4463,-10.73,11.5,50.9,31.61,51.5,Rice,58,1
0.7409,7.49,41.8,123.4,28.26,56.2,Wheat,100,2
0.2068,-20.91,41.4,104.0,29.23,65.4,Cotton,12,0
0.8245,-5.15,35.7,121.6,30.41,58.7,Rice,88,2
0.76,2.17,31.8,67.7,26.56,78.2,Sugarcane,117,2
0.2917,-30.67,0.0,121.6,43.0,49.5,Rice,140,0
0.6896,0.62,22.9,58.4,28.11,66.4,Sugarcane,105,1
0.6968,-8.45,25.0,26.4,30.99,28.2,Soybean,144,2
0.5487,-9.92,28.4,148.5,33.62,61.7,Rice,61,1
0.5772,-6.46,40.5,117.3,34.45,41.0,Soybean,75,1
0.9358,8.36,39.4,39.4,24.27,75.3,Soybean,96,2
0.1413,-23.47,74.5,74.5,26.62,78.2,Cotton,10,0
0.7975,2.46,45.5,45.5,23.72,67.6,Cotton,146,2
0.7056,0.58,37.5,139.1,15.87,42.5,Wheat,82,2
0.1309,-6.73,22.4,63.7,27.77,72.2,Wheat,30,0
0.575,-3.74,22.5,137.9,35.16,54.0,Sugarcane,124,1
0.9487,0.85,35.8,101.8,23.37,40.5,Rice,86,2
0.7531,11.89,37.0,118.9,28.31,50.2,Cotton,88,2
0.313,-14.24,76.3,94.3,17.33,53.6,Sugarcane,15,0
0.1315,63.58,11.4,22.3,27.26,56.4,Rice,35,0
0.5716,21.21,39.9,39.9,32.57,37.2,Rice,51,1
0.7987,3.82,71.6,105.8,31.81,55.3,Soybean,142,2
0.2104,16.19,40.0,40.0,30.6,35.5,Cotton,22,0
0.1527,11.49,60.9,60.9,29.28,40.3,Wheat,20,0
0.4201,8.27,0.0,0.0,23.72,64.4,Soybean,91,0
0.8689,12.17,38.0,122.1,32.31,32.2,Rice,147,2
0.2984,-7.94,3.8,38.0,21.52,75.3,Sugarcane,57,0
0.625,-5.95,23.9,74.2,25.74,58.3,Soybean,79,0
0.2342,16.59,30.3,134.4,32.95,33.7,Wheat,45,0
0.6516,-4.27,38.8,145.0,30.98,58.1,Wheat,69,2
0.3807,-0.37,32.9,74.8,24.81,65.5,Rice,35,1
0.717,1.86,28.6,88.0,25.37,90.8,Cotton,135,2
0.1668,-41.46,0.0,52.0,33.92,45.6,Wheat,56,0
0.1092,16.79,18.6,78.0,24.98,40.1,Cotton,35,0
0.1372,-27.02,35.5,101.7,37.5,45.0,Cotton,39,0
0.7816,6.59,49.4,106.4,27.72,49.6,Soybean,94,2
0.2343,8.47,41.0,149.8,24.46,59.3,Wheat,33,0
0.05,-45.75,13.0,140.6,27.77,45.3,Cotton,31,0
0.4013,14.33,86.0,161.5,27.46,50.2,Soybean,40,1
0.2383,-33.72,36.4,124.3,37.61,57.6,Wheat,53,0
0.7797,6.43,30.1,99.8,30.81,34.7,Rice,134,2
0.8569,-3.95,45.9,81.6,29.98,36.6,Sugarcane,108,2
0.8452,-1.08,34.0,199.9,28.91,44.6,Rice,88,2
0.3772,-9.45,0.0,41.9,28.25,52.5,Soybean,80,0
0.6119,-9.11,27.5,110.0,26.29,63.6,Wheat,76,2
0.6366,-6.07,27.5,102.2,34.32,45.2,Sugarcane,91,1
0.7098,0.1,28.1,85.3,17.92,51.7,Wheat,130,2
0.7406,-10.36,9.4,9.4,26.6,49.1,Rice,144,2
0.7299,2.02,20.7,141.3,28.9,42.7,Rice,101,2
0.0576,-44.24,31.5,51.7,23.08,63.3,Sugarcane,24,0
0.5147,2.27,24.5,118.2,29.85,43.3,Rice,49,1
0.2679,16.82,61.9,163.4,29.15,63.4,Rice,24,0
0.513,-1.62,14.8,146.3,33.87,44.4,Sugarcane,107,0
0.8253,1.41,38.9,127.3,28.56,70.2,Soybean,146,2
0.5433,-18.91,10.8,107.5,28.64,39.2,Sugarcane,94,1
0.05,-76.2,37.6,82.7,46.27,59.3,Sugarcane,19,0
0.7747,-2.83,79.9,84.2,20.33,49.1,Wheat,81,2
0.05,0.0,16.0,108.1,35.69,70.8,Cotton,30,0
0.2638,-6.84,0.0,78.7,30.52,37.9,Rice,49,0
0.7545,-3.16,45.2,93.7,25.27,38.9,Wheat,124,2
0.8881,-1.86,10.4,150.2,29.4,33.7,Rice,129,2
0.05,-62.86,20.8,53.6,39.61,70.0,Rice,31,0
0.5696,0.34,8.9,104.2,20.8,24.4,Sugarcane,92,0
0.8444,-7.38,83.0,159.5,27.71,55.1,Cotton,109,2
0.8973,-5.55,37.5,117.7,28.33,53.2,Soybean,97,2
0.6183,2.79,20.3,171.1,31.71,100.0,Soybean,129,1
0.1419,54.49,78.8,78.8,33.52,72.4,Cotton,18,0
0.882,-0.21,45.0,100.2,30.13,53.8,Soybean,127,2
0.5411,-9.94,8.8,37.6,25.24,58.3,Sugarcane,89,0
0.2115,28.91,66.6,76.6,26.83,62.2,Wheat,35,0
0.8186,3.54,57.9,165.6,27.15,59.4,Sugarcane,78,2
0.6404,7.26,18.1,50.0,30.71,72.4,Sugarcane,92,1
0.2814,8.77,76.1,109.7,27.07,66.5,Cotton,33,0
0.4802,0.6,0.0,129.9,26.68,48.8,Cotton,76,1
0.9141,-0.49,40.3,67.9,21.13,42.0,Soybean,116,2
0.8389,3.3,13.5,173.9,28.06,48.3,Rice,118,2
0.1049,-38.02,30.0,103.0,39.46,60.0,Wheat,62,0
0.9274,3.58,39.3,102.3,28.86,54.2,Rice,118,2
0.1225,-1.09,12.1,95.0,21.52,56.7,Cotton,41,0
0.76,-10.82,44.2,44.2,38.18,37.1,Rice,136,1
0.3168,-18.83,33.8,66.5,29.15,51.3,Cotton,52,0
0.5703,-7.93,16.0,107.9,24.53,21.2,Wheat,78,1
0.4855,2.96,32.2,32.2,23.86,43.7,Cotton,56,1
0.6824,-8.0,38.8,106.9,27.15,46.1,Cotton,145,2
0.3744,-23.45,26.6,126.8,21.23,46.2,Rice,49,1
0.6672,-6.81,0.0,83.4,26.64,35.1,Wheat,145,1
0.1547,-38.25,48.1,71.0,27.58,64.2,Soybean,25,0
0.2472,-6.87,3.1,43.8,23.19,58.8,Soybean,60,0
0.6017,-13.39,28.8,66.7,25.57,78.2,Sugarcane,74,2
0.5746,1.29,28.6,28.6,36.14,53.0,Sugarcane,82,1
0.4978,-8.45,60.9,105.6,30.84,75.4,Rice,44,1
0.737,10.12,4.9,126.4,29.85,34.1,Rice,105,1
0.05,-62.06,43.2,108.9,38.54,67.7,Soybean,22,0
0.5477,12.9,38.3,38.3,28.81,39.7,Soybean,59,1
0.0928,-20.8,65.0,90.3,25.16,51.3,Cotton,10,0
0.6309,-5.27,14.5,76.6,26.12,58.2,Sugarcane,148,2
0.7391,-2.36,43.5,89.4,27.43,91.4,Wheat,139,2
0.7542,-5.69,52.2,56.1,31.56,58.9,Wheat,138,2
0.6741,-14.62,29.0,111.6,30.15,55.9,Soybean,85,2
0.05,-48.14,22.0,178.0,24.48,44.0,Sugarcane,14,0
0.2809,15.86,0.0,102.0,26.5,32.7,Cotton,57,0
0.2703,6.18,70.0,127.5,23.96,41.2,Rice,24,0
0.5643,-1.65,11.3,94.6,33.77,67.1,Rice,76,1
0.7837,-7.37,49.6,49.6,30.59,52.9,Wheat,98,2
0.6349,-17.68,34.7,54.8,36.16,68.6,Sugarcane,84,1
0.2686,-19.32,39.2,44.3,30.5,38.4,Cotton,27,0
0.6132,-7.67,5.8,118.2,29.11,14.6,Soybean,128,1
0.7198,-5.49,13.1,55.6,30.79,81.7,Wheat,149,1
0.5586,-9.71,0.0,122.2,25.33,59.8,Wheat,99,1
0.2379,-8.51,34.5,122.1,31.23,53.5,Rice,15,0
0.6721,3.07,39.1,45.1,16.81,47.8,Soybean,68,2
0.7551,15.69,62.2,75.2,31.34,62.6,Rice,68,2
0.4365,-10.67,51.2,167.3,30.2,50.6,Wheat,46,1
0.6429,-5.44,59.5,184.5,32.71,55.7,Soybean,71,2
0.5935,-19.83,3.6,154.9,23.3,48.5,Wheat,114,1
0.2546,-18.87,16.2,172.9,14.94,40.0,Cotton,32,0
0.05,-63.38,31.7,132.3,38.2,60.8,Cotton,28,1
0.51,45.14,0.0,45.2,23.11,59.7,Wheat,91,1
0.1165,-23.19,14.9,166.0,25.93,68.2,Sugarcane,39,0
0.6767,-6.55,10.9,98.5,27.82,40.8,Wheat,126,1
0.2879,44.23,27.9,46.6,29.35,45.7,Wheat,46,0
0.5982,-19.58,12.6,216.0,33.43,74.6,Cotton,117,1
0.7619,-11.41,27.4,67.7,31.79,57.3,Sugarcane,109,2
0.05,-43.0,6.5,35.2,37.07,56.5,Sugarcane,42,0
0.4331,-11.73,0.0,15.0,28.02,46.1,Cotton,74,1
0.7424,-2.16,27.0,108.1,32.58,53.6,Cotton,105,2
0.6942,-1.03,0.0,103.4,32.63,63.6,Rice,87,1
0.5517,-16.74,40.7,62.0,34.55,41.8,Rice,67,1
0.8479,2.07,37.2,97.7,15.27,41.4,Sugarcane,125,2
0.4872,-1.92,22.0,37.1,30.62,50.1,Sugarcane,70,1
0.7027,-2.34,20.3,89.8,25.09,68.5,Cotton,112,2
0.6548,8.46,28.0,80.6,30.26,66.3,Cotton,123,2
0.2792,-4.42,36.3,115.3,21.85,81.8,Wheat,38,0
0.3411,-30.05,16.3,99.0,43.29,59.5,Wheat,121,0
0.4923,-0.92,56.5,56.5,37.0,58.0,Cotton,108,1
0.8316,2.58,47.9,47.9,22.47,53.9,Rice,83,2
0.7854,-13.35,37.8,93.4,21.22,35.2,Cotton,98,2
0.3249,-15.81,0.0,126.7,28.52,72.1,Cotton,73,0
0.0821,-49.24,18.8,68.7,29.13,63.1,Cotton,26,0
0.8834,2.7,79.4,79.4,26.16,54.0,Sugarcane,128,2
0.4499,11.12,34.4,34.4,38.4,52.8,Cotton,77,1
0.3799,2.92,66.7,66.7,32.79,45.2,Sugarcane,44,1
0.4893,2.96,0.0,0.0,23.56,42.8,Wheat,91,1
0.1099,119.72,60.0,110.2,29.94,40.0,Cotton,21,0
0.56,2.2,52.6,121.5,25.31,55.4,Soybean,61,1
0.8041,0.43,24.1,150.6,21.67,45.3,Rice,91,2
0.4733,4.4,46.7,115.4,24.65,56.3,Sugarcane,53,1
0.05,-5.85,0.3,99.0,22.24,37.0,Wheat,10,0
0.5586,3.08,43.1,43.1,26.29,59.1,Rice,59,1
0.8623,10.44,35.7,169.6,28.14,72.7,Sugarcane,118,2
0.05,-29.26,8.6,85.5,32.07,73.8,Sugarcane,37,0
0.5065,2.64,30.6,99.1,39.53,73.6,Wheat,133,0
0.8551,13.81,42.5,107.8,23.56,73.0,Soybean,129,2
0.7944,11.08,54.3,73.1,33.14,57.8,Rice,143,2
0.7343,-13.86,38.1,164.8,34.28,65.3,Sugarcane,123,2
0.6955,-5.3,13.3,102.8,20.64,65.5,Rice,86,2
0.2118,-21.97,11.1,81.9,38.45,75.8,Cotton,70,0
0.467,-8.47,9.3,86.1,19.89,71.8,Soybean,67,1
0.5427,1.06,7.4,56.8,32.13,58.8,Cotton,137,1
0.4131,-21.91,2.3,73.4,30.7,52.3,Sugarcane,148,0
0.05,-52.07,14.5,97.4,31.81,71.9,Wheat,13,1
0.9138,3.36,77.5,77.5,31.1,60.8,Rice,96,2
0.7727,1.56,28.4,61.8,25.61,61.4,Wheat,95,2
0.5451,-6.57,7.7,77.1,27.5,44.6,Wheat,80,1
0.3048,38.48,40.6,49.2,30.51,66.7,Soybean,39,0
0.7352,-6.81,38.8,69.0,24.33,47.3,Rice,80,2
0.6638,-2.9,20.0,37.8,26.87,15.6,Sugarcane,140,1
0.1444,99.42,59.0,131.0,35.26,54.2,Soybean,22,0
0.1599,57.67,0.0,33.8,29.03,42.6,Soybean,52,0
0.821,-1.07,52.6,52.6,28.99,70.3,Cotton,114,1
0.7603,7.02,29.6,76.4,27.05,56.1,Soybean,94,2
0.1643,14.89,24.5,75.2,30.79,23.2,Soybean,27,0
0.2829,-10.15,28.8,185.7,27.61,73.6,Rice,33,0
0.584,-12.49,12.9,40.8,25.81,56.5,Sugarcane,107,1
0.3756,2.52,11.7,18.2,39.15,59.6,Soybean,114,0
0.3565,-2.87,23.7,143.8,40.56,40.8,Soybean,95,0
0.7139,-0.16,26.6,91.8,24.92,68.4,Soybean,121,2
0.3884,-14.33,24.1,90.5,32.98,79.7,Wheat,55,1
0.7759,4.11,46.3,98.6,21.89,50.1,Wheat,146,2
0.8006,-0.1,64.3,103.2,29.41,41.0,Cotton,107,2
0.5343,-0.07,21.9,110.7,31.31,46.3,Rice,59,1
0.352,-0.04,57.0,57.0,29.56,78.8,Wheat,45,1
0.5685,0.86,27.9,92.3,35.77,64.9,Soybean,129,1
0.3838,8.27,0.0,87.3,21.6,79.2,Rice,55,1
0.1815,-21.29,2.5,140.8,40.16,65.9,Cotton,80,0
0.5533,-0.32,25.3,195.8,35.97,28.9,Sugarcane,100,0
0.7999,-0.82,104.9,104.9,30.14,64.2,Cotton,98,2
0.6607,-0.64,42.8,106.4,31.85,76.2,Soybean,65,2
0.05,0.0,24.5,102.6,26.61,41.0,Cotton,15,0
0.5919,-0.34,5.0,70.3,22.32,60.7,Cotton,113,1
0.1574,-38.44,12.2,50.9,34.98,68.3,Cotton,48,0
0.8642,-2.52,39.8,140.5,30.94,55.7,Sugarcane,114,2
0.2631,-7.73,0.0,62.9,39.22,45.6,Cotton,139,0
0.7674,-10.0,25.4,132.4,25.51,66.8,Sugarcane,136,1
0.6924,-12.33,24.2,142.7,30.62,41.9,Wheat,149,2
0.7056,-1.99,49.6,49.6,31.44,36.4,Wheat,126,2
0.2646,83.22,42.4,116.6,24.08,53.4,Soybean,36,0
0.6221,21.66,51.8,145.4,25.9,63.9,Sugarcane,67,2
0.05,-63.24,19.0,188.8,21.37,60.7,Sugarcane,30,0
0.5226,0.7,6.4,51.7,33.64,81.6,Soybean,118,0
0.5231,-5.96,32.6,163.1,25.3,54.4,Soybean,59,1
0.6471,-0.63,54.7,149.6,36.56,82.1,Cotton,124,1
0.05,-66.42,5.4,38.3,31.46,52.3,Cotton,22,0
0.4507,-0.43,0.0,102.7,32.47,32.1,Soybean,113,0
0.5626,-6.79,9.6,116.3,31.79,60.8,Wheat,81,1
0.5021,-12.75,3.5,129.8,33.46,59.7,Sugarcane,99,0
0.5317,-14.51,0.0,86.0,25.66,37.2,Sugarcane,140,0
0.8098,16.42,37.4,139.6,24.87,54.9,Wheat,138,2
0.2993,-9.34,26.7,64.9,29.69,83.9,Cotton,46,0
0.7085,-3.49,75.4,90.3,37.91,66.3,Rice,127,1
0.8496,-7.96,52.4,89.3,27.42,51.2,Cotton,98,2
0.6685,6.67,39.5,166.4,34.73,36.2,Wheat,103,2
0.601,-8.56,0.0,9.1,24.86,59.3,Wheat,96,1
0.1763,57.98,59.4,59.4,34.94,50.3,Wheat,28,0
0.7553,-5.82,58.9,58.9,29.15,38.7,Rice,73,2
0.2079,8.07,53.2,158.0,20.78,64.2,Cotton,15,0
0.2441,4.76,0.0,81.1,28.8,65.7,Wheat,56,0
0.4598,13.96,87.2,87.2,30.58,38.7,Cotton,46,1
0.7814,-6.14,28.1,106.2,31.42,54.9,Rice,113,2
0.05,-31.16,12.3,12.3,28.83,74.4,Soybean,25,0
0.8074,-6.89,4.3,53.7,31.85,27.2,Rice,113,1
0.3463,-16.7,26.0,36.8,28.3,40.4,Sugarcane,48,0
0.7607,-2.08,53.1,75.1,26.61,62.1,Wheat,147,2
0.7274,-0.14,45.9,134.3,24.07,65.1,Wheat,87,2
0.2326,7.03,49.9,185.4,25.48,40.2,Wheat,31,0
0.6855,-8.18,16.4,129.2,30.76,46.0,Wheat,139,2
0.4527,-4.07,0.0,35.5,25.29,56.1,Soybean,146,0
0.255,10.6,40.6,110.1,29.06,31.9,Wheat,33,0
0.832,6.17,65.6,130.6,24.06,65.2,Cotton,147,2
0.1431,14.52,0.0,112.8,30.08,51.6,Rice,32,0
0.6884,-5.64,34.2,107.9,23.23,41.6,Soybean,142,2
0.4518,-18.65,39.3,120.1,22.98,54.0,Cotton,42,1
0.5639,-2.75,4.9,125.9,28.21,63.4,Wheat,130,1
0.5495,-4.66,42.3,61.0,22.28,79.4,Soybean,45,1
0.7898,-6.16,42.7,157.1,22.94,53.1,Wheat,92,2
0.6563,8.38,45.5,146.2,28.59,61.1,Soybean,72,2
0.6679,5.34,42.3,165.1,23.73,46.7,Rice,66,2
0.565,-11.19,5.2,93.3,29.85,69.0,Soybean,104,1
0.845,-6.15,12.1,104.4,27.33,80.3,Rice,93,2
0.1785,-31.03,0.0,79.2,29.51,58.4,Rice,33,0
0.7949,-0.24,66.3,128.5,27.05,53.4,Cotton,140,2
0.5884,-4.45,34.7,123.1,20.57,47.7,Rice,55,1
0.1181,136.16,0.0,123.7,38.59,25.1,Sugarcane,58,0
0.0778,-15.31,0.0,112.3,34.75,60.5,Rice,32,0
0.8577,12.54,73.7,146.5,19.06,32.3,Rice,131,2
0.4912,15.78,0.0,128.9,32.01,46.8,Soybean,145,0
0.229,-21.77,34.2,108.9,30.22,51.0,Rice,24,0
0.7454,-3.08,25.3,57.7,31.61,46.7,Sugarcane,113,1
0.7033,2.16,17.3,17.3,30.91,58.5,Wheat,119,2
0.2902,-20.73,8.1,40.3,20.33,78.0,Soybean,53,0
0.6449,-7.19,21.2,76.5,36.19,64.9,Wheat,111,1
0.05,0.0,0.0,76.1,34.72,64.0,Cotton,42,0
0.6934,-3.21,40.8,98.3,25.02,68.0,Soybean,100,2
0.7194,-2.86,24.0,89.6,26.69,70.5,Wheat,128,2
0.8728,-7.31,109.5,109.5,29.98,29.3,Rice,141,2
0.5094,-6.66,30.8,158.5,29.21,50.0,Cotton,75,1
0.184,-19.5,58.4,128.3,34.66,63.8,Sugarcane,25,0
0.5862,-14.2,0.0,53.2,28.35,60.8,Wheat,109,1
0.7119,-17.13,36.0,47.6,28.06,59.8,Rice,128,2
0.8626,0.74,78.2,78.2,29.66,47.7,Wheat,144,2
0.2004,-8.98,44.6,87.3,34.55,93.1,Soybean,29,0
0.5723,-5.63,15.0,76.1,21.31,37.2,Sugarcane,88,1
0.4736,-3.55,7.2,53.6,35.87,71.9,Wheat,125,1
0.8191,3.54,39.8,203.6,30.03,43.4,Cotton,99,2
0.3569,10.44,57.9,74.5,27.11,40.6,Cotton,41,1
0.7511,-3.03,41.7,118.6,33.42,66.6,Sugarcane,84,2
0.7796,16.77,38.5,70.9,22.35,57.2,Cotton,122,2
0.7904,-1.51,93.2,93.2,26.31,38.4,Wheat,145,2
0.33,-7.06,0.0,136.3,25.15,54.5,Sugarcane,84,0
0.8491,-4.23,42.0,162.0,32.66,69.4,Rice,80,2
0.7663,-5.75,56.8,122.4,21.73,42.4,Wheat,143,2
0.7982,2.74,62.9,150.0,35.03,39.4,Sugarcane,91,2
0.7543,-5.76,63.1,113.0,39.09,57.7,Sugarcane,101,1
0.2832,-19.34,57.8,64.9,25.76,74.2,Wheat,26,0
0.0849,-52.77,28.5,129.1,36.77,60.5,Sugarcane,28,0
0.4151,-10.6,72.6,189.9,34.93,55.4,Wheat,61,1
0.6968,-12.89,41.4,92.6,27.36,52.6,Rice,69,2
0.4033,-16.1,8.4,125.8,35.83,79.4,Wheat,80,1
0.8329,1.38,37.8,92.9,29.69,61.8,Sugarcane,89,2
0.7698,-7.28,0.0,27.0,24.21,53.5,Rice,131,0
0.05,-56.89,23.9,89.0,21.08,37.6,Soybean,24,1
0.5502,11.74,0.0,15.8,32.32,13.3,Soybean,90,0
0.0954,-21.17,56.2,250.4,17.63,65.4,Sugarcane,19,0
0.05,0.0,7.2,129.0,21.76,73.6,Cotton,29,0
0.2705,-25.29,77.7,151.1,25.01,53.7,Soybean,28,0
0.5757,-0.43,25.0,87.5,35.52,55.1,Soybean,116,1
0.1628,-30.09,11.2,164.9,27.97,65.6,Soybean,57,0
0.7738,1.76,34.5,65.2,18.38,68.8,Cotton,111,2
0.317,-1.06,35.6,170.7,30.02,34.3,Sugarcane,36,0
0.4506,-15.82,0.0,117.3,23.98,33.7,Sugarcane,138,0
0.684,15.28,49.1,92.3,24.66,40.3,Wheat,73,2
0.6464,-6.14,27.6,27.6,28.27,64.2,Cotton,134,2
0.7467,-3.04,51.4,51.4,30.73,79.3,Sugarcane,69,2
0.524,17.15,43.6,49.6,32.79,87.0,Wheat,64,1
0.1218,43.24,28.5,133.8,26.33,67.5,Rice,16,0
0.8396,1.56,79.7,85.2,32.22,46.9,Rice,147,2
0.6309,-9.01,8.2,97.8,31.5,79.6,Wheat,139,1
0.3018,-13.57,5.9,35.8,22.34,66.9,Soybean,62,0
0.4567,-11.98,7.6,192.6,21.75,42.8,Soybean,129,1
0.3515,-11.55,0.0,128.9,32.56,82.2,Wheat,71,1
0.3374,-21.66,17.0,113.2,34.09,69.9,Cotton,69,0
0.05,-48.7,12.3,62.0,37.71,59.6,Soybean,34,0
0.7423,-5.58,12.0,76.3,27.93,57.2,Rice,142,2
0.1528,-35.82,1.8,65.8,26.82,85.0,Wheat,35,0
0.05,-45.35,0.0,129.1,31.46,74.3,Soybean,14,0
0.05,-30.37,0.0,126.8,28.9,39.1,Wheat,22,0
0.8726,3.58,38.9,188.1,28.79,69.3,Rice,139,2
0.7698,-12.08,62.2,62.2,24.99,37.3,Wheat,145,2
0.5852,-6.04,21.1,38.3,33.94,59.3,Soybean,109,1
0.9042,-4.83,43.7,123.5,15.67,54.0,Cotton,108,2
0.05,0.0,0.0,175.6,30.22,43.5,Cotton,35,0
0.5574,-2.41,51.1,51.1,27.09,70.1,Rice,63,1
0.483,1.09,24.2,81.4,33.27,35.1,Cotton,73,1
0.5807,-1.48,43.9,52.6,29.68,77.4,Cotton,70,1
0.05,0.0,0.0,160.5,25.13,70.4,Wheat,28,0
0.7334,-7.45,35.2,128.1,27.56,54.9,Cotton,108,2
0.6507,-3.63,22.1,91.0,32.79,55.4,Soybean,132,1
0.2898,-3.46,26.8,90.5,33.32,53.5,Cotton,38,0
0.057,-1.59,0.0,38.2,26.35,72.0,Wheat,31,0
0.8621,1.9,61.4,61.4,26.52,82.2,Soybean,111,2
0.596,7.29,15.7,101.0,33.63,37.6,Wheat,142,1
0.7542,-3.3,41.9,73.9,25.76,55.8,Sugarcane,83,2
0.3792,-0.54,24.9,108.7,18.86,63.1,Rice,29,1
0.6586,-5.37,71.1,138.7,18.22,63.5,Rice,53,2
0.05,-25.61,0.0,151.6,24.22,56.1,Soybean,31,0
0.2957,-20.62,16.0,32.7,19.64,36.2,Wheat,48,0
0.7104,11.07,12.1,78.1,23.6,69.9,Soybean,113,1
0.4188,-29.02,0.0,118.3,35.11,56.2,Soybean,95,0
0.5567,-8.33,16.7,44.0,33.88,34.4,Sugarcane,116,1
0.168,-33.95,94.1,94.1,26.82,70.2,Wheat,12,1
0.2428,-11.59,0.0,0.0,30.9,34.6,Wheat,45,0
0.3384,4.35,45.6,49.8,24.07,72.8,Wheat,37,0
0.1757,-12.88,39.6,49.2,39.35,46.3,Soybean,38,0
0.3243,-4.13,58.7,58.7,34.38,82.7,Sugarcane,43,0
0.4646,-21.5,72.8,72.8,24.29,79.2,Wheat,50,1
0.05,-31.57,13.5,97.2,20.13,65.3,Cotton,14,0
0.8543,11.82,48.2,48.2,31.56,86.1,Wheat,144,2
0.8428,0.06,28.2,28.2,30.93,54.8,Soybean,122,2
0.05,0.0,4.3,126.1,34.42,40.6,Soybean,25,0
0.3869,-7.3,19.1,77.5,23.35,45.3,Soybean,51,1
0.05,-58.08,0.0,39.3,35.8,52.9,Sugarcane,11,1
0.5482,3.4,0.0,100.2,28.76,77.3,Soybean,145,0
0.557,-14.22,61.1,76.9,24.48,58.0,Sugarcane,58,1
0.2827,-4.93,52.5,144.6,32.92,76.3,Cotton,32,0
0.1403,-46.14,30.8,176.1,37.11,54.9,Wheat,45,0
0.2924,-11.63,22.0,106.6,28.89,45.0,Soybean,47,0
0.7839,10.45,62.2,138.5,27.62,66.3,Wheat,91,2
0.3874,17.41,94.8,162.9,32.56,58.7,Wheat,46,1
0.429,5.64,28.8,28.8,26.28,51.3,Sugarcane,57,1
0.7416,6.64,46.6,62.0,28.66,54.6,Wheat,148,2
0.3497,-20.37,2.6,87.8,29.59,25.4,Cotton,69,0
0.3831,-22.84,61.3,162.4,43.0,66.4,Rice,76,0
0.0654,-27.24,13.8,109.9,25.74,44.7,Soybean,29,0
0.5648,-14.21,1.3,45.9,31.07,58.3,Soybean,125,0
0.1337,167.39,35.2,145.0,33.6,60.6,Sugarcane,18,0
0.6954,10.92,58.8,168.6,21.75,76.2,Wheat,87,2
0.4824,-5.78,0.0,122.5,32.4,70.8,Wheat,84,1
0.5071,-6.01,0.0,42.2,29.03,38.7,Cotton,127,1
0.2641,65.4,45.7,78.2,26.73,52.5,Soybean,28,0
0.6183,10.8,61.5,119.6,34.85,39.8,Wheat,85,2
0.5271,25.05,67.2,67.2,26.71,53.9,Cotton,56,1
0.4268,-6.17,0.0,67.7,29.81,61.2,Soybean,83,0
0.1348,-39.83,13.8,91.9,30.92,80.8,Rice,21,0
0.8747,0.97,24.1,82.8,23.96,74.0,Rice,104,2
0.8812,4.47,48.0,48.0,28.27,54.1,Soybean,91,2
0.5339,-5.95,28.5,93.2,37.42,63.7,Wheat,111,1
0.5595,-5.71,26.5,35.5,36.09,60.9,Sugarcane,110,1
0.6347,10.95,16.6,57.3,30.69,49.6,Wheat,118,2
0.6939,-1.67,22.0,99.9,32.74,65.5,Soybean,133,1
0.2728,33.61,15.2,91.0,25.07,56.4,Soybean,57,0
0.5634,-3.09,9.1,35.3,31.12,75.6,Cotton,102,1
0.8441,1.92,79.2,212.2,15.47,53.5,Sugarcane,96,2
0.05,0.0,27.2,44.5,28.14,62.7,Cotton,17,0
0.735,11.82,26.6,70.1,31.74,81.6,Cotton,94,2
0.5292,-19.38,23.3,23.3,33.1,38.7,Wheat,67,1
0.7105,0.42,0.0,121.2,26.51,38.7,Rice,136,1
0.4985,-8.18,10.4,176.8,22.37,79.2,Sugarcane,88,2
0.7609,8.48,67.5,149.5,26.98,57.8,Cotton,111,2
0.8966,3.4,36.2,36.2,28.77,77.7,Sugarcane,134,2
0.059,-59.06,0.0,145.5,27.93,82.5,Wheat,41,0
0.5371,-2.94,0.0,119.8,32.38,81.8,Soybean,110,0
0.5567,-0.64,66.8,66.8,36.4,62.9,Sugarcane,71,1
0.7081,-3.41,20.8,124.8,28.28,43.0,Sugarcane,94,1
0.05,-53.26,0.0,176.8,36.73,68.3,Sugarcane,25,0
0.05,-53.23,14.2,183.6,28.76,81.5,Cotton,12,0
0.7382,7.52,23.4,31.6,34.41,43.4,Rice,144,1
0.2654,36.9,29.2,32.3,36.68,49.5,Cotton,63,0
0.2123,-14.45,14.4,127.2,27.12,60.3,Soybean,50,0
0.6888,-2.27,39.6,39.6,36.6,47.8,Cotton,123,1
0.6486,-5.39,18.7,144.6,25.21,66.7,Wheat,131,2
0.5247,-9.35,3.1,102.4,29.22,46.9,Soybean,147,0
0.05,0.0,4.9,207.3,34.3,59.1,Sugarcane,45,0
0.05,-51.91,0.0,78.2,30.03,68.8,Wheat,22,1
0.5591,-9.96,17.0,159.2,28.48,81.6,Wheat,83,1
0.2196,-25.16,45.8,75.0,15.69,10.0,Wheat,13,0
0.7383,8.91,77.2,89.1,22.54,48.7,Cotton,83,2
0.2378,7.87,42.0,89.5,22.53,78.2,Wheat,27,0
0.2668,-2.92,33.7,33.7,34.44,53.4,Soybean,37,0
0.9061,12.74,49.0,49.0,26.57,55.0,Rice,147,2
0.7633,-1.29,20.5,78.8,29.81,53.1,Rice,91,2
0.713,-3.54,20.6,20.9,33.71,53.6,Rice,110,1
0.2686,-3.16,0.0,36.7,35.79,44.0,Cotton,74,0
0.05,-64.27,31.0,92.6,40.64,64.5,Rice,39,0
0.4886,-21.12,8.9,78.2,26.91,50.0,Sugarcane,90,0
0.1645,38.14,56.1,88.5,24.1,34.8,Sugarcane,11,0
0.8681,5.28,50.3,95.8,29.95,76.6,Rice,89,2
0.7336,-2.31,27.7,48.5,18.88,46.6,Wheat,135,2
0.8434,-6.77,49.0,159.1,32.83,80.6,Wheat,131,2
0.7088,22.99,29.0,73.1,32.11,44.2,Wheat,103,2
0.2479,-36.72,41.4,162.9,30.5,76.7,Rice,31,0
0.7066,-4.54,65.6,65.6,27.56,76.7,Cotton,116,2
0.4389,3.6,0.0,170.5,26.2,48.3,Soybean,114,0
0.7968,2.13,48.5,56.9,22.93,47.1,Wheat,121,2
0.788,12.51,57.1,74.5,23.78,56.1,Cotton,86,2
0.2992,2.03,24.8,51.9,32.54,30.9,Wheat,55,0
0.2404,-34.46,14.8,69.9,27.03,57.3,Sugarcane,55,0
0.6773,-3.63,32.4,96.2,35.07,46.0,Cotton,143,1
0.95,0.0,34.9,76.9,31.53,52.3,Rice,94,2
0.6604,-4.71,0.0,117.8,24.9,71.5,Rice,102,1
0.383,-4.11,80.5,80.5,29.71,63.6,Cotton,39,1
0.05,-79.23,74.0,116.1,38.82,68.5,Rice,36,0
0.5565,-15.31,30.7,143.1,25.56,64.4,Rice,61,1
0.4064,-6.46,0.0,85.7,31.05,58.4,Soybean,75,0
0.5368,-17.47,0.0,119.5,27.33,41.3,Cotton,129,1
0.8482,-5.59,51.9,133.4,28.56,44.6,Sugarcane,133,2
0.582,7.09,0.0,131.6,26.27,60.0,Cotton,137,1
0.6516,1.65,39.5,152.0,22.35,63.5,Soybean,64,2
0.8874,-6.59,38.6,119.1,31.81,40.3,Soybean,140,2
0.6669,-7.3,27.1,99.7,23.28,49.6,Soybean,126,2
0.6003,8.11,38.8,87.2,31.58,49.1,Cotton,73,2
0.3232,12.84,33.7,80.5,26.88,49.7,Sugarcane,27,0
0.903,0.74,40.5,40.5,33.21,41.3,Rice,131,2
0.9306,-2.05,44.2,138.6,31.17,48.3,Rice,112,2
0.4574,1.2,51.3,100.6,30.26,57.1,Wheat,60,1
0.7766,10.81,38.4,91.1,32.87,64.9,Soybean,86,2
0.4135,-7.94,28.0,72.9,26.56,78.2,Wheat,47,1
0.8769,-1.94,31.8,80.5,30.69,48.4,Rice,109,2
0.2497,-19.62,47.8,47.8,26.14,47.1,Wheat,35,0
0.8916,-5.39,61.4,61.5,28.06,39.8,Rice,85,2
0.5067,7.53,31.8,63.8,24.93,74.3,Wheat,59,1
0.05,0.0,1.8,98.9,26.92,40.7,Wheat,14,0
0.3781,6.57,8.1,122.5,28.67,63.7,Wheat,64,0
0.6976,2.92,6.6,135.9,27.31,70.9,Rice,114,1
0.3757,7.31,71.7,92.1,38.19,50.7,Wheat,62,1
0.7789,0.82,2.0,113.3,22.44,61.4,Rice,107,1
0.6845,2.63,5.9,84.9,29.51,50.4,Wheat,90,1
0.5235,-8.85,31.8,149.2,34.66,48.7,Sugarcane,69,1
0.3077,-22.15,14.9,120.8,38.31,62.1,Rice,61,0
0.05,-74.18,4.6,60.5,39.81,51.2,Cotton,49,1
0.7602,-10.84,61.2,92.1,21.19,63.2,Wheat,136,2
0.8571,-1.86,74.4,74.4,28.03,60.8,Rice,123,2
0.7108,-0.23,31.2,93.6,29.82,46.0,Cotton,137,1
0.05,-50.56,0.0,53.5,27.6,42.2,Soybean,27,0
0.6035,30.37,29.6,29.6,28.15,40.9,Soybean,75,2
0.6895,6.58,50.8,156.0,35.94,65.1,Soybean,104,2
0.7265,-15.78,92.4,92.4,38.86,52.6,Rice,119,1
0.5828,-9.6,4.2,28.5,32.34,52.1,Wheat,140,1
0.6773,18.04,21.3,116.6,32.1,75.6,Soybean,117,1
0.0787,-12.26,4.1,97.4,27.19,34.9,Soybean,38,0
0.4409,-15.51,60.9,88.0,29.4,48.4,Cotton,47,1
0.8137,8.52,45.2,45.2,24.62,51.9,Soybean,132,2
0.0865,-46.67,23.6,86.5,25.03,56.2,Rice,17,0
0.2114,24.07,35.1,35.1,28.55,36.5,Wheat,28,1
0.5149,-4.59,30.4,118.6,33.54,43.5,Rice,61,1
0.5067,30.01,7.2,230.2,27.63,26.6,Sugarcane,96,0
0.05,-46.58,7.2,66.5,33.62,28.7,Sugarcane,51,0
0.58,-6.81,0.0,100.7,28.25,63.2,Wheat,135,1
0.6792,-15.09,21.7,81.7,34.24,44.2,Soybean,103,1
0.3167,7.35,0.0,143.9,29.56,43.8,Wheat,54,0
0.05,-67.51,2.2,84.5,34.45,58.2,Rice,16,1
0.8535,4.21,49.1,49.1,27.37,60.1,Wheat,120,2
0.132,-22.67,38.8,82.3,34.25,43.0,Rice,21,0
0.2734,13.79,33.7,129.4,29.97,60.6,Wheat,39,0
0.7924,-1.82,4.4,99.0,17.13,46.4,Rice,101,1
0.6655,-0.73,20.2,106.9,31.33,69.4,Wheat,148,2
0.5065,-9.5,0.0,0.0,23.57,77.6,Cotton,137,1
0.784,5.89,53.4,53.4,26.23,54.2,Sugarcane,79,2
0.5493,-7.95,11.3,51.3,33.85,36.8,Cotton,91,1
0.7681,-2.86,49.8,81.4,31.17,32.5,Rice,99,2
0.6679,-15.9,16.9,164.5,26.7,61.3,Cotton,119,1
0.5612,-8.11,0.0,167.6,31.11,61.8,Wheat,71,1
0.1075,-54.72,5.6,70.2,26.99,46.2,Cotton,47,0
0.57,-6.59,48.9,113.6,30.38,65.3,Wheat,65,1
0.7378,1.84,24.5,166.5,26.61,60.9,Sugarcane,137,1
0.2886,-18.78,17.7,17.7,25.74,59.0,Sugarcane,47,0
0.6405,-2.53,16.0,112.7,28.93,52.1,Wheat,89,2
0.6297,4.27,57.1,137.0,32.34,28.2,Soybean,62,2
0.5226,0.08,0.4,188.8,24.22,72.2,Rice,69,1
0.3775,27.96,29.7,35.9,27.02,68.9,Rice,41,1
0.6418,-4.24,16.4,127.3,28.16,37.5,Soybean,80,1
0.5102,-8.91,59.5,63.8,21.28,44.8,Soybean,47,1
0.5157,-0.05,48.7,76.7,28.17,59.9,Sugarcane,57,1
0.2967,2.47,25.3,74.8,34.14,27.3,Wheat,54,0
0.3723,-12.17,74.9,123.1,26.95,58.6,Wheat,45,1
0.773,17.13,41.4,151.3,17.99,75.6,Wheat,106,2
0.3542,3.95,29.5,86.7,32.17,46.8,Cotton,55,1
0.3428,-19.51,10.3,135.1,25.89,42.0,Rice,50,0
0.9318,4.06,53.2,197.1,30.05,73.5,Sugarcane,120,2
0.7699,6.21,110.6,110.6,27.98,45.6,Rice,79,2
0.5252,-11.07,0.0,52.7,21.4,58.7,Soybean,149,0
0.1103,11.3,18.2,33.1,32.71,67.3,Cotton,27,0
0.4027,-1.34,46.3,64.5,27.88,18.7,Cotton,47,1
0.3748,-28.21,0.9,61.8,24.48,46.5,Sugarcane,75,0
0.328,12.4,1.1,155.3,34.61,53.4,Wheat,80,0
0.6213,-12.58,0.0,73.9,37.09,51.7,Rice,107,0
0.6617,-10.13,26.8,42.4,24.15,77.6,Wheat,90,2
0.4131,55.89,44.0,60.1,31.84,24.3,Sugarcane,40,1
0.2832,75.59,45.6,45.6,23.15,44.7,Soybean,29,0
0.5837,-4.12,22.9,116.3,30.12,46.9,Cotton,113,1
0.8278,-1.75,42.0,160.9,28.81,63.3,Rice,94,2
0.2514,-41.62,16.5,77.9,34.29,53.6,Rice,49,1
0.7789,9.2,38.7,103.4,28.05,52.2,Cotton,99,2
0.7025,1.39,44.9,73.3,27.23,48.2,Wheat,136,2
0.6819,-7.92,0.1,61.1,24.51,76.6,Rice,142,1
0.05,-51.62,0.0,21.8,33.3,36.1,Cotton,28,1
0.05,0.0,5.6,125.7,25.85,13.7,Sugarcane,12,0
0.081,-14.63,30.4,139.8,29.77,78.8,Sugarcane,24,0
0.557,-11.15,58.8,68.4,39.35,86.8,Cotton,91,1
0.5206,24.72,0.0,152.8,30.37,51.6,Cotton,131,1
0.0811,-30.4,53.0,139.8,31.88,60.9,Wheat,16,0
0.7886,-0.1,83.0,83.0,27.06,43.9,Wheat,118,2
0.4758,-6.78,2.5,37.9,23.88,49.6,Cotton,115,1
0.2209,11.17,51.8,87.0,34.31,52.1,Sugarcane,31,0
0.2379,-23.08,19.7,115.9,24.94,66.4,Cotton,46,1
0.1909,-24.39,1.1,16.2,25.92,34.2,Rice,43,0
0.4268,-17.22,20.3,60.1,37.25,44.0,Wheat,124,1
0.6772,-9.49,16.8,132.3,34.41,47.2,Rice,148,1
0.05,0.0,1.8,1.8,31.98,51.1,Sugarcane,35,0
0.6113,-13.29,13.2,95.9,31.92,89.0,Cotton,94,1
0.2524,-34.41,21.2,21.2,29.07,43.3,Sugarcane,56,0
0.4444,-6.9,52.5,53.6,34.45,44.0,Soybean,59,1
0.7103,10.55,27.8,116.4,32.73,58.0,Soybean,125,2
0.2654,-12.92,19.7,153.9,21.86,79.7,Cotton,46,0
0.05,0.0,26.5,106.7,32.38,52.0,Rice,22,0
0.3501,-21.44,65.7,65.7,28.09,64.4,Sugarcane,40,1
0.6076,-0.05,23.3,122.9,36.89,53.0,Wheat,104,1
0.4994,-9.87,3.3,100.7,29.04,42.2,Soybean,85,0
0.95,8.81,27.7,71.6,29.7,45.3,Rice,115,2
0.8667,-7.88,81.0,81.0,31.13,58.7,Soybean,103,2
0.3482,39.12,34.9,34.9,29.5,43.1,Rice,38,0
0.5109,-13.3,33.7,33.7,24.75,72.3,Sugarcane,56,1
0.0979,-29.27,67.5,67.5,32.73,47.6,Soybean,18,0
0.8366,-2.11,35.4,96.6,31.63,59.6,Soybean,138,2
0.2446,-6.71,26.7,26.7,30.38,79.6,Wheat,39,0
0.4192,-18.44,16.9,108.2,14.52,40.3,Sugarcane,62,1
0.1154,-41.76,35.4,117.8,27.42,56.7,Sugarcane,20,0
0.0574,-13.83,19.8,42.3,35.38,63.2,Sugarcane,38,0
0.5305,-6.62,45.9,158.9,37.16,65.6,Wheat,145,1
0.7198,6.16,28.5,160.7,32.09,92.2,Sugarcane,111,2
0.666,-0.8,25.1,86.7,34.18,64.2,Soybean,93,1
0.3494,11.48,55.8,124.0,32.46,56.5,Sugarcane,44,0
0.1886,-36.71,29.6,178.9,35.24,52.6,Soybean,48,0
0.2545,-14.76,47.8,141.3,16.87,42.6,Rice,26,0
0.6858,-5.1,18.3,117.1,23.44,34.7,Cotton,148,1
0.6569,-11.04,10.1,158.0,21.39,73.8,Cotton,140,1
0.3807,13.04,24.7,25.2,24.19,64.7,Soybean,51,1
0.186,54.71,67.7,118.5,34.29,62.2,Soybean,23,0
0.3513,9.75,23.9,112.2,32.17,60.9,Wheat,52,1
0.4293,-4.18,4.5,80.3,20.28,55.5,Sugarcane,83,0
0.4664,17.6,47.7,199.3,34.39,54.5,Wheat,70,1
0.3466,3.88,12.0,73.7,28.49,62.3,Cotton,68,0
0.5819,1.31,75.9,101.6,20.93,61.3,Wheat,64,1
0.3518,-14.83,3.3,123.0,30.0,64.0,Wheat,53,1
0.05,-45.31,14.2,98.2,22.53,39.5,Wheat,10,0
0.5544,6.15,9.5,154.0,27.24,38.1,Wheat,82,1
0.2501,29.76,26.2,119.6,23.98,35.7,Rice,29,0
0.2448,-18.17,43.1,43.1,25.9,41.4,Wheat,18,0
0.4762,-11.99,0.0,56.4,29.52,61.8,Soybean,88,0
0.6881,8.4,22.6,68.7,30.16,61.2,Cotton,101,2
0.6765,-10.4,66.8,97.6,26.94,58.4,Sugarcane,75,2
0.2162,-22.52,25.8,63.6,35.56,52.0,Wheat,47,0
0.7528,-0.54,36.9,36.9,30.26,54.3,Rice,76,2
0.4767,-32.17,0.5,72.9,32.33,62.2,Sugarcane,115,0
0.5455,-7.13,22.3,40.4,27.43,65.7,Cotton,73,1
0.6999,3.27,25.5,126.2,33.2,39.9,Wheat,107,2
0.1363,3.31,69.1,69.1,29.89,64.1,Rice,10,1
0.8239,9.39,19.0,145.6,26.01,63.5,Rice,118,2
0.7861,-6.61,45.7,64.6,29.04,35.6,Wheat,130,2
0.3109,-11.86,41.4,114.0,16.83,85.2,Cotton,32,0
0.8619,5.7,46.9,61.7,31.72,51.7,Soybean,126,2
0.6651,-12.59,86.1,201.9,37.16,74.1,Soybean,113,0
0.7089,-7.41,58.2,88.4,22.87,46.2,Cotton,145,2
0.4959,12.89,8.9,18.7,30.19,50.0,Rice,59,1
0.675,2.97,72.8,72.8,37.99,86.3,Sugarcane,137,1
0.7737,-3.96,17.1,101.9,28.94,46.5,Rice,138,2
0.1237,137.25,18.2,96.4,35.92,52.5,Wheat,38,0
0.4114,3.2,78.1,78.1,28.52,76.9,Wheat,52,1
0.6856,-0.67,69.1,112.4,35.64,49.6,Soybean,91,2
0.05,0.0,20.4,56.4,31.49,37.8,Soybean,18,0
0.1283,156.55,33.7,121.6,29.9,66.2,Wheat,14,0
0.9128,2.03,49.7,124.5,25.13,41.3,Sugarcane,143,2
0.8916,-6.15,55.6,111.2,30.44,49.4,Sugarcane,100,2
0.2621,-17.14,31.2,96.2,37.62,73.0,Sugarcane,56,0
0.3142,-0.03,37.7,132.5,32.75,38.4,Wheat,35,0
0.3152,-12.83,66.6,103.2,32.54,66.5,Soybean,28,0
0.4483,-4.23,56.6,64.5,23.85,62.6,Cotton,52,1
0.1831,-11.06,2.1,109.3,26.33,57.2,Cotton,58,0
0.0703,20.92,10.3,31.6,29.08,63.4,Rice,15,0
0.7015,-0.94,35.1,35.1,30.02,85.7,Cotton,103,2
0.8201,1.65,34.9,147.0,29.42,74.2,Sugarcane,117,2
0.7576,1.55,36.9,192.7,31.29,65.3,Cotton,91,2
0.7423,13.26,67.2,130.3,29.18,58.1,Wheat,107,2
0.4869,1.02,22.7,22.7,28.81,50.2,Cotton,75,1
0.8548,-2.76,53.2,53.2,19.07,55.0,Soybean,149,2
0.5918,-23.82,29.8,67.9,36.76,50.1,Soybean,104,1
0.1828,23.31,46.2,126.6,30.45,57.9,Cotton,20,0
0.7422,-7.85,60.3,105.2,33.28,42.0,Cotton,112,2
0.4922,-8.87,17.9,199.1,29.48,82.4,Sugarcane,73,1
0.3402,9.53,63.9,63.9,27.24,68.7,Wheat,40,0
0.6703,-4.07,18.8,100.6,22.96,41.6,Soybean,138,1
0.05,-49.0,3.4,112.8,19.16,39.8,Rice,19,0
0.215,49.92,71.0,173.7,19.97,59.5,Soybean,28,0
0.3173,17.3,45.0,54.2,32.53,21.3,Cotton,42,0
0.4582,1.91,26.5,81.3,29.11,63.1,Rice,51,0
0.6328,6.11,16.1,87.0,34.81,38.5,Soybean,120,1
0.4759,4.32,84.7,84.7,26.5,49.4,Cotton,53,1
0.7039,-9.37,31.4,90.9,34.19,74.6,Sugarcane,113,1
0.6044,-17.28,15.7,30.8,28.07,76.0,Sugarcane,87,1
0.6544,3.91,13.7,101.3,30.08,64.9,Wheat,107,2
0.6213,-8.53,15.4,15.4,31.5,50.0,Cotton,92,1
0.1511,-15.21,27.5,163.5,29.15,36.5,Sugarcane,35,0
0.7894,-4.38,45.9,124.2,27.16,59.4,Wheat,93,2
0.7436,-7.52,27.6,78.0,31.59,48.8,Soybean,132,2
0.5508,3.69,67.7,146.3,28.41,52.0,Cotton,78,1
0.8476,-4.26,33.8,124.8,35.98,54.6,Rice,118,1
0.2632,4.94,20.7,119.6,24.26,50.5,Wheat,43,0
0.6251,10.18,59.2,73.4,35.01,34.5,Cotton,142,2
0.6007,1.17,14.9,66.2,27.92,63.6,Cotton,96,1
0.5514,-13.38,59.4,94.5,25.3,73.5,Wheat,67,1
0.5028,-11.78,0.0,204.5,30.94,50.1,Rice,63,1
0.3935,1.51,38.0,38.0,32.33,54.7,Rice,40,1
0.8016,-0.06,49.8,164.5,26.22,63.3,Wheat,107,2
0.4488,19.84,10.5,10.5,36.04,60.5,Soybean,145,0
0.5766,-12.11,79.3,79.3,33.32,47.8,Rice,62,1
0.8057,-3.44,65.5,92.3,34.46,44.7,Sugarcane,84,1
0.7183,13.51,30.0,67.9,33.8,52.0,Rice,110,2
0.3969,-14.57,1.2,105.0,29.68,54.0,Sugarcane,80,0
0.05,0.0,40.6,172.0,37.43,34.6,Cotton,15,0
0.0708,-40.32,38.8,98.3,35.9,73.2,Wheat,15,0
0.7872,6.06,50.4,80.5,27.24,72.0,Sugarcane,72,2
0.682,-16.79,42.2,63.9,38.42,61.3,Sugarcane,109,1
0.541,-4.14,0.0,81.4,21.56,66.2,Cotton,116,1
0.4058,17.2,1.6,100.2,32.5,28.3,Cotton,74,1
0.5758,18.6,65.8,65.8,20.75,57.0,Sugarcane,61,1
0.05,-31.31,4.1,61.2,33.01,74.4,Wheat,22,0
0.1437,-44.67,66.8,151.7,31.31,37.2,Soybean,14,0
0.5564,4.29,53.6,68.4,23.09,77.9,Cotton,60,1
0.6801,-13.64,29.4,159.9,33.47,47.2,Soybean,113,1
0.1925,17.01,43.7,83.9,23.83,58.9,Rice,26,0
0.7679,-2.8,28.2,39.2,36.87,62.4,Rice,102,1
0.6434,-8.85,15.5,81.1,32.6,36.4,Cotton,145,1
0.5477,18.52,62.5,84.5,24.69,86.6,Wheat,72,1
0.6587,-7.16,34.7,140.0,19.02,47.5,Wheat,128,2
0.6069,2.18,42.9,143.1,28.21,63.6,Rice,58,2
0.8845,0.01,45.3,134.7,30.56,37.5,Soybean,112,2
0.1643,-40.93,12.7,134.4,21.91,40.1,Rice,30,0
0.6453,-9.45,63.8,157.5,23.13,17.2,Cotton,73,2
0.9076,-4.46,73.8,73.8,27.16,48.7,Soybean,138,2
0.95,1.15,51.6,115.5,20.64,24.0,Rice,90,2
0.2015,10.68,39.1,85.9,21.24,83.3,Wheat,13,0
0.7139,-12.31,38.1,38.1,28.65,37.5,Wheat,97,2
0.2601,-19.36,0.0,60.1,31.31,57.9,Soybean,76,0
0.2389,106.85,13.6,13.6,24.02,38.5,Sugarcane,49,0
0.8488,-2.39,30.2,134.8,20.79,31.0,Sugarcane,128,2
0.0989,21.97,32.5,32.7,34.93,95.9,Wheat,25,0
0.6241,1.96,68.9,68.9,27.15,64.8,Rice,55,2
0.4956,-9.5,14.3,61.3,31.06,57.8,Cotton,64,1
0.8025,-15.25,43.1,53.9,30.98,65.3,Cotton,105,2
0.6004,5.98,49.1,178.2,21.82,75.6,Wheat,75,2
0.5708,-30.03,1.2,64.4,29.49,52.2,Cotton,125,1
0.4826,-6.26,0.0,73.7,24.3,62.0,Sugarcane,108,0
0.05,-62.5,27.0,122.0,33.46,74.2,Cotton,19,0
0.6674,-4.24,67.8,67.8,24.46,67.3,Cotton,147,2
0.0651,30.11,19.2,36.3,26.39,47.6,Rice,19,0
0.6985,17.15,76.9,76.9,30.72,46.3,Wheat,84,2
0.6938,1.53,34.6,143.8,20.07,46.8,Cotton,128,2
0.7292,6.0,28.8,162.8,31.29,43.6,Wheat,103,2
0.0656,-47.21,0.0,98.8,28.41,63.2,Wheat,27,0
0.5304,-10.71,8.2,24.0,13.02,53.9,Soybean,144,1
0.6406,-5.28,41.8,41.8,31.05,46.6,Soybean,68,2
0.6053,-0.09,9.6,67.1,32.18,39.7,Wheat,110,1
0.4147,-24.43,0.0,116.0,33.82,28.1,Sugarcane,106,0
0.5559,5.98,6.4,94.0,30.24,56.4,Cotton,113,1
0.6403,1.92,35.0,95.5,37.4,45.6,Cotton,140,1
0.65,-12.63,22.7,173.0,31.35,41.8,Sugarcane,87,1
0.1327,-3.43,26.5,100.2,26.46,90.4,Rice,15,0
0.4685,10.99,55.2,55.2,26.73,70.7,Wheat,45,1
0.05,0.0,14.4,76.6,33.38,46.8,Wheat,36,0
0.2079,-24.53,22.6,22.6,37.2,87.5,Sugarcane,64,0
0.9373,26.4,75.1,75.1,27.57,40.9,Sugarcane,99,2
0.6054,9.09,13.5,133.2,35.01,33.8,Wheat,86,1
0.6063,-2.29,17.4,69.5,28.83,58.1,Soybean,140,1
0.498,-24.78,9.6,32.5,26.9,61.5,Sugarcane,83,0
0.2565,11.75,30.2,130.8,32.58,52.5,Sugarcane,38,0
0.892,-6.1,49.4,88.8,26.56,51.5,Rice,118,2
0.5774,-2.72,15.9,121.5,32.37,41.1,Wheat,149,1
0.5333,-24.08,12.0,118.6,29.21,76.2,Cotton,138,1
0.7099,5.82,28.5,33.3,28.81,53.9,Cotton,142,2
0.8914,9.34,57.6,81.0,24.18,29.7,Rice,94,2
0.4683,-15.5,0.0,160.6,29.8,54.3,Cotton,117,1
0.7256,-0.4,35.0,35.0,20.82,38.2,Rice,73,2
0.6467,6.2,44.4,84.3,24.28,60.8,Wheat,75,2
0.6887,6.81,26.2,69.4,22.48,56.1,Soybean,129,2
0.4377,-11.08,34.6,63.4,26.14,64.5,Soybean,64,1
0.0819,63.9,17.1,198.5,37.39,65.6,Wheat,43,0
0.0727,-40.81,9.6,97.7,26.64,68.0,Sugarcane,50,0
0.8219,3.09,37.6,37.6,29.82,51.8,Sugarcane,100,2
0.7281,1.49,30.2,76.1,25.94,78.8,Soybean,84,2
0.6417,-0.75,19.1,74.0,22.77,60.8,Soybean,102,1
0.5238,1.49,13.4,13.4,21.0,66.4,Soybean,73,1
0.0609,21.83,25.3,77.0,29.9,68.2,Soybean,11,0
0.7794,-6.88,36.3,133.5,31.7,59.1,Cotton,142,2
0.7704,10.28,12.7,109.3,28.66,50.4,Wheat,147,1
0.3343,15.2,33.3,218.4,24.19,44.1,Cotton,43,0
0.0976,-48.28,46.4,46.4,19.97,51.6,Sugarcane,14,0
0.3938,3.08,40.3,60.7,21.41,85.6,Soybean,47,2
0.8737,1.58,56.5,125.5,31.31,42.6,Rice,89,2
0.8351,6.7,80.5,80.5,28.96,37.6,Rice,130,2
0.05,-65.29,5.5,124.8,25.09,41.6,Cotton,32,0
0.2152,11.21,0.0,32.9,22.61,74.6,Wheat,46,0
0.6375,-14.8,7.9,113.0,27.56,86.2,Cotton,145,1
0.4562,-6.82,44.9,72.6,37.15,61.1,Soybean,66,1
0.7975,-4.69,76.0,80.7,21.97,43.7,Sugarcane,130,2
0.5406,-22.22,58.4,58.4,27.66,35.4,Cotton,63,1
0.268,10.56,14.7,87.9,29.65,48.7,Soybean,49,0
0.3716,23.91,0.8,126.5,28.93,27.6,Wheat,66,1
0.1322,124.26,76.3,143.6,23.7,24.7,Soybean,11,0
0.4553,-3.94,53.3,75.7,28.1,54.5,Cotton,45,1
0.7032,-4.35,22.7,67.2,14.85,64.5,Sugarcane,92,1
0.8564,-0.96,20.8,113.2,32.2,51.5,Rice,100,2
0.6241,-2.27,0.0,101.6,21.29,39.6,Rice,134,1
0.7486,-0.01,46.1,207.6,31.02,43.5,Wheat,133,2
0.7768,-4.42,54.6,141.3,20.77,42.7,Cotton,107,2
0.1047,9.03,18.4,69.2,31.94,44.8,Wheat,26,0
0.6341,20.36,25.4,153.6,29.03,36.2,Soybean,82,2
0.05,-59.53,23.8,136.1,19.17,51.4,Cotton,14,0
0.05,-55.96,68.5,71.6,35.68,39.3,Cotton,16,0
0.6307,5.07,32.5,143.6,28.7,55.8,Soybean,71,2
0.0539,7.88,29.3,69.6,28.59,78.9,Soybean,13,0
0.641,-9.43,46.4,131.8,29.54,69.3,Soybean,64,2
0.7927,-10.83,25.8,25.8,32.32,66.7,Soybean,128,2
0.3419,-1.71,35.7,35.7,30.54,46.7,Rice,35,1
0.2467,-38.76,0.0,99.5,35.01,83.1,Cotton,67,0
0.2671,-10.61,43.2,89.8,25.09,47.3,Sugarcane,33,1
0.5349,-13.84,15.8,115.3,32.9,38.0,Cotton,120,1
0.3831,55.42,70.4,171.0,32.69,65.6,Wheat,34,1
0.05,0.0,21.6,152.0,28.8,57.0,Sugarcane,15,0
0.5601,16.33,10.6,137.7,32.27,71.5,Wheat,101,1
0.8116,-9.19,61.7,62.3,31.12,65.9,Sugarcane,93,2
0.875,15.4,30.6,147.2,25.22,29.4,Rice,134,2
0.2964,-7.61,44.5,142.1,32.1,91.2,Wheat,38,0
0.5807,-8.32,73.0,73.0,36.04,63.9,Sugarcane,74,1
0.1184,112.59,24.8,54.9,27.32,29.8,Wheat,11,0
0.3315,-19.57,51.0,51.0,28.54,61.9,Cotton,37,0
0.9115,9.07,50.3,63.1,20.21,52.6,Soybean,125,2
0.6644,-20.89,32.2,32.2,29.21,53.0,Wheat,118,2
0.2306,76.21,54.2,180.7,34.63,37.0,Wheat,36,0
0.4207,-13.55,9.9,89.8,31.23,51.1,Wheat,58,1
0.7266,-11.06,72.5,72.5,37.69,85.3,Rice,115,1
0.6532,-3.66,57.6,136.2,22.9,50.6,Rice,78,2
0.3804,22.09,59.6,66.3,31.61,51.7,Soybean,39,1
0.3884,-30.83,0.0,83.9,27.94,59.1,Sugarcane,86,0
0.7746,15.58,34.9,140.1,31.88,61.6,Cotton,87,2
0.05,-30.33,25.1,119.0,29.1,63.7,Sugarcane,10,0
0.5447,-10.46,0.0,107.4,21.66,49.2,Soybean,136,0
0.3318,-15.3,13.2,14.9,20.53,56.8,Soybean,57,0
0.5436,-5.33,23.2,36.3,26.8,35.2,Sugarcane,78,1
0.4826,-17.26,0.0,83.7,21.88,49.2,Soybean,116,0
0.05,-56.4,19.2,19.9,25.74,49.3,Sugarcane,23,0
0.5236,-5.2,0.0,117.0,25.52,66.2,Cotton,83,1
0.8637,2.27,38.7,74.2,26.18,63.5,Soybean,101,2
0.5987,-10.11,10.8,100.7,29.76,26.7,Soybean,102,1
0.4206,-14.94,0.0,153.9,31.06,37.0,Sugarcane,144,0
0.8051,-10.1,50.6,50.6,23.79,24.0,Soybean,117,2
0.4208,-21.03,14.0,78.9,31.37,31.6,Cotton,71,1
0.4652,-21.81,30.3,104.2,25.87,56.2,Soybean,55,1
0.9038,-2.34,68.2,68.2,22.38,58.8,Soybean,136,2
0.602,-2.84,0.0,87.1,35.17,36.5,Rice,106,1
0.8131,3.88,41.1,111.6,24.12,30.3,Cotton,117,2
0.7179,3.05,79.8,79.8,31.85,68.1,Soybean,72,2
0.4923,-4.28,33.2,33.2,32.22,51.1,Cotton,59,1
0.5462,17.02,49.7,80.1,21.72,63.5,Cotton,66,1
0.5709,0.11,27.6,27.6,27.08,72.5,Wheat,76,1
0.7247,2.63,55.5,55.5,37.67,64.5,Cotton,106,1
0.5962,-8.57,23.1,122.7,34.37,53.7,Wheat,120,1
0.205,-1.54,55.9,153.0,34.42,52.5,Soybean,42,0
0.7006,5.75,13.2,89.0,23.8,35.8,Wheat,116,0
0.2287,-10.03,52.9,129.7,30.51,65.9,Cotton,18,0
0.7257,-11.36,47.4,58.6,37.1,54.1,Rice,113,1
0.9033,-4.92,52.5,52.5,27.57,67.4,Rice,119,2
0.5084,10.63,49.2,133.3,28.03,61.0,Cotton,53,1
0.9009,0.06,52.6,52.6,28.01,51.3,Sugarcane,137,2
0.6825,-5.12,16.5,75.4,21.04,44.3,Wheat,127,2
0.7448,8.52,82.2,82.2,20.9,39.2,Wheat,120,2
0.4987,-16.94,68.5,115.2,39.71,49.7,Soybean,114,1
0.3612,-14.29,43.0,84.9,28.05,37.3,Sugarcane,37,1
0.53,24.02,0.0,49.5,30.96,60.2,Wheat,128,1
0.5806,-23.05,7.6,124.5,25.22,40.2,Cotton,90,1
0.3419,-21.37,39.0,39.0,23.39,17.3,Soybean,28,0
0.2118,16.82,0.0,79.0,37.96,57.0,Soybean,81,0
0.05,0.0,0.0,43.8,22.61,53.0,Wheat,10,0
0.05,0.0,56.6,72.1,44.23,46.5,Sugarcane,11,0
0.7471,-4.87,37.4,37.4,29.81,34.7,Wheat,146,2
0.7449,2.13,26.2,53.8,24.65,44.3,Cotton,125,2
0.4713,10.61,4.7,71.7,24.99,67.0,Cotton,102,1
0.662,11.57,60.8,159.0,31.65,53.8,Cotton,70,2
0.7931,-8.31,4.9,86.7,29.6,58.7,Rice,118,2
0.2404,-8.97,15.1,80.2,42.09,57.7,Rice,68,0
0.8182,-0.48,49.2,100.7,34.17,74.1,Sugarcane,93,2
0.5851,1.27,12.1,87.3,20.29,67.4,Wheat,90,1
0.78,-8.93,21.4,86.6,28.7,48.3,Rice,115,2
0.6608,-10.86,18.3,110.9,21.73,47.5,Wheat,142,2
0.5043,-0.9,17.8,134.3,23.0,53.8,Soybean,74,1
0.8206,0.4,41.2,51.7,31.64,68.1,Soybean,116,2
0.4221,3.63,55.9,62.3,16.93,81.5,Cotton,52,1
0.7503,-5.0,25.9,28.6,20.83,52.5,Sugarcane,106,1
0.7254,4.55,0.0,113.0,29.81,84.6,Rice,117,1
0.8931,-5.98,40.9,91.3,22.7,30.5,Sugarcane,142,2
0.9104,-3.37,55.3,103.3,24.93,57.9,Soybean,135,2
0.6009,-3.32,24.9,84.1,28.74,72.5,Soybean,128,2
0.9305,-2.05,46.8,53.8,27.21,82.7,Sugarcane,107,2
0.8083,0.42,80.0,130.1,25.25,34.0,Wheat,93,2
0.736,0.65,23.3,116.5,31.21,45.9,Sugarcane,138,1
0.5362,41.01,58.3,76.0,35.86,81.8,Soybean,75,1
0.2316,-33.49,8.3,60.6,26.93,74.5,Soybean,53,0
0.7619,-3.59,20.2,118.1,33.1,70.0,Rice,125,2
0.5232,8.95,1.6,49.7,27.79,64.9,Cotton,82,1
0.3342,2.98,49.9,63.6,26.85,33.8,Rice,31,0
0.3331,-10.76,58.2,58.2,24.79,73.8,Wheat,38,0
0.5114,-17.84,21.3,131.6,34.81,71.3,Cotton,104,1
0.7724,-3.71,25.8,131.6,31.7,51.2,Sugarcane,97,1
0.3313,-22.38,40.3,85.9,22.12,67.7,Wheat,41,0
0.5984,1.06,12.5,41.2,26.57,81.6,Sugarcane,99,1
0.6406,-12.43,16.6,58.3,27.88,20.9,Soybean,129,1
0.5761,-5.36,10.0,47.3,29.73,36.7,Cotton,79,1
0.6167,-18.68,29.6,110.0,25.25,34.4,Cotton,81,2
0.5714,-20.03,5.6,135.6,22.21,31.5,Wheat,93,1
0.822,-7.99,13.1,13.1,29.39,57.4,Rice,96,2
0.6282,-5.78,12.5,116.9,26.46,61.9,Soybean,128,1
0.569,-15.71,3.4,76.5,21.78,48.9,Wheat,136,1
0.8268,0.74,37.5,63.2,29.67,65.9,Wheat,95,2
0.4053,4.79,21.8,21.8,37.98,64.0,Cotton,87,0
0.8045,-9.54,4.5,51.7,29.57,64.3,Rice,121,1
0.5841,4.3,13.2,13.2,25.64,42.9,Soybean,94,1
0.3972,3.19,72.9,72.9,22.56,43.1,Soybean,38,1
0.7783,1.89,53.9,89.1,24.92,59.1,Rice,79,2
0.6061,-12.13,36.2,141.8,35.68,61.9,Wheat,111,1
0.6568,-3.02,37.8,124.9,30.45,53.5,Soybean,73,2
0.2271,15.67,37.7,66.9,27.37,35.2,Wheat,10,0
0.5848,-1.66,37.6,84.1,25.06,40.5,Soybean,55,1
0.4134,-13.7,19.7,111.2,29.23,37.6,Sugarcane,65,1
0.687,3.64,25.7,195.6,19.83,62.5,Cotton,128,2
0.8346,2.51,48.1,99.3,34.46,74.0,Sugarcane,149,2
0.5758,4.6,9.6,11.5,18.89,56.0,Sugarcane,94,0
0.8835,3.86,63.7,108.5,23.67,61.9,Soybean,91,2
0.6406,-4.47,5.0,146.0,26.96,80.9,Rice,118,1
0.8658,-1.67,65.7,65.7,28.2,49.0,Rice,140,2
0.9365,7.15,42.9,79.2,24.0,70.5,Rice,144,2
0.0765,-43.91,43.6,103.8,32.95,50.1,Wheat,17,0
0.4691,20.45,0.0,61.5,34.05,44.3,Soybean,102,0
0.1826,12.74,73.6,73.6,32.35,70.9,Cotton,26,0
0.656,-7.9,18.6,153.8,31.61,52.6,Cotton,96,1
0.8155,2.21,68.4,155.8,32.39,42.4,Sugarcane,95,2
0.2003,-8.24,42.4,154.4,31.88,44.9,Cotton,27,0
0.3552,1.69,45.0,144.6,23.34,58.3,Cotton,42,1
0.6933,-10.39,65.0,111.3,28.45,51.2,Wheat,124,2
0.4056,9.39,47.0,47.0,24.38,78.2,Sugarcane,40,1
0.6614,7.41,53.4,53.4,37.17,69.5,Soybean,96,1
0.95,0.0,56.4,113.8,21.71,51.5,Rice,133,2
0.8014,3.99,74.3,132.4,36.04,58.7,Sugarcane,111,1
0.5562,33.4,64.6,105.9,25.87,56.0,Cotton,72,1
0.6622,-9.65,23.5,131.5,35.99,63.0,Soybean,113,1
0.4611,-2.66,0.0,137.8,16.77,46.2,Sugarcane,138,0
0.3252,4.83,57.6,57.6,26.65,35.8,Rice,29,0
0.3829,-0.1,41.0,138.2,28.63,49.4,Sugarcane,29,1
0.1831,-29.07,47.2,47.2,26.69,36.9,Cotton,24,0
0.6996,-7.27,67.9,88.6,33.97,63.0,Sugarcane,78,2
0.05,0.0,6.0,39.1,33.97,71.9,Wheat,23,0
0.8661,-4.68,28.3,99.0,26.38,70.2,Rice,121,2
0.8378,-2.89,41.5,43.6,30.87,66.9,Wheat,118,2
0.05,0.0,19.1,99.5,28.39,38.1,Rice,19,0
0.1672,36.44,26.7,206.0,37.98,40.3,Cotton,52,0
0.6648,-2.61,24.4,80.9,30.26,64.9,Cotton,89,2
0.5168,7.25,0.0,122.5,27.31,26.9,Cotton,121,1
0.9077,-0.76,47.0,144.4,24.23,56.1,Sugarcane,117,2
0.9134,-2.24,43.9,65.7,30.75,68.8,Sugarcane,90,2
0.4868,19.7,67.4,88.3,29.82,69.0,Wheat,59,1
0.259,64.39,0.0,115.0,36.16,30.6,Wheat,65,0
0.6595,-3.17,21.8,94.5,32.81,29.3,Wheat,137,2
0.2068,1.99,20.5,43.6,23.83,71.9,Sugarcane,42,0
0.05,-31.47,18.2,26.8,27.71,49.6,Rice,16,0
0.0501,0.24,26.4,197.9,39.6,39.2,Wheat,50,0
0.785,4.29,36.0,189.8,28.95,65.6,Wheat,130,2
0.1899,15.59,63.5,63.5,26.61,38.7,Soybean,25,0
0.6182,-1.38,17.3,129.5,31.11,44.4,Cotton,142,1
0.5571,-17.6,12.0,33.6,21.59,59.6,Sugarcane,86,1
0.0723,-42.71,28.2,77.0,22.5,65.4,Soybean,18,0
0.2284,37.05,35.1,97.0,25.58,72.8,Cotton,15,0
0.2579,-16.33,46.7,46.7,26.38,35.3,Wheat,31,0
0.341,-25.41,17.2,169.1,31.16,37.3,Cotton,59,0
0.3679,-22.75,23.3,78.2,26.31,29.3,Sugarcane,59,1
0.782,0.75,33.5,200.9,29.04,71.4,Sugarcane,100,2
0.6967,4.59,24.9,134.4,25.0,55.0,Soybean,84,2
0.8136,-5.98,25.9,25.9,27.13,60.6,Soybean,126,2
0.7714,-4.1,26.8,151.0,24.56,69.5,Soybean,135,2
0.7819,-1.25,74.4,121.6,30.7,48.8,Wheat,96,2
0.054,7.9,10.4,16.7,29.42,28.8,Wheat,26,0
0.05,-66.62,0.0,203.7,27.83,60.2,Cotton,23,0
0.7407,-11.8,0.0,93.7,33.23,51.5,Rice,100,1
0.05,0.0,31.1,92.5,29.49,56.0,Rice,22,0
0.72,-13.93,69.7,132.6,27.81,39.9,Sugarcane,77,2
0.6747,-4.21,55.8,165.0,37.3,70.6,Cotton,149,1
0.2335,-32.08,45.5,83.2,28.1,40.5,Sugarcane,29,0
0.2905,-9.67,37.0,41.0,32.21,81.4,Wheat,45,0
0.4149,10.06,71.1,191.8,27.83,65.1,Sugarcane,42,1
0.0858,-23.03,35.4,45.9,26.68,48.2,Sugarcane,18,0
0.4094,-11.4,8.6,61.1,36.77,52.5,Soybean,144,0
0.2579,11.89,57.8,91.3,24.64,83.9,Sugarcane,22,0
0.7391,-17.51,65.3,163.9,24.39,63.7,Rice,70,2
0.8052,-2.98,30.4,30.4,28.4,55.0,Rice,112,2
0.6995,-6.14,16.5,82.6,28.98,58.3,Soybean,118,1
0.7388,-8.3,34.2,146.2,35.49,81.6,Rice,88,1
0.05,-66.55,3.1,86.9,44.15,59.6,Sugarcane,59,0
0.95,0.0,56.7,107.3,27.04,50.3,Rice,136,2
0.7684,1.3,34.6,107.2,34.43,62.0,Rice,84,2
0.7571,3.36,65.8,65.8,25.36,73.3,Wheat,125,2
0.1079,-56.54,0.0,63.0,30.15,58.3,Wheat,30,0
0.7211,-5.99,26.3,58.8,29.09,63.8,Rice,74,2
0.7371,5.87,61.5,134.0,28.84,42.5,Wheat,123,2
0.1628,-16.23,0.0,64.8,30.22,41.5,Soybean,52,0
0.3999,32.98,39.8,47.6,27.79,62.0,Sugarcane,45,1
0.3145,-36.34,0.0,72.6,37.32,34.3,Rice,69,0
0.6095,8.29,26.1,111.5,37.48,47.0,Rice,90,1
0.0879,75.84,18.4,44.6,34.37,47.4,Soybean,36,0
0.7651,2.09,19.4,200.6,33.66,53.1,Sugarcane,124,1
0.6719,-10.83,23.9,23.9,30.29,55.8,Cotton,126,2
0.7604,-10.08,50.5,50.5,25.26,55.8,Cotton,82,2
0.2356,-19.47,8.2,106.5,27.51,50.9,Wheat,47,0
0.8602,3.17,40.8,40.8,25.98,37.7,Cotton,127,2
0.05,0.0,15.1,69.9,29.49,48.7,Sugarcane,10,0
0.8044,-2.94,37.7,37.7,32.8,66.5,Cotton,115,2
0.9117,5.13,22.5,37.7,21.33,81.3,Rice,129,2
0.8174,-3.23,60.6,60.6,19.17,87.5,Sugarcane,82,2
0.3337,-5.82,9.0,95.3,17.65,50.5,Soybean,66,0
0.4631,-8.37,0.0,97.2,27.5,34.4,Sugarcane,149,0
0.4312,-13.82,47.1,47.1,29.32,42.9,Wheat,52,1
0.8511,-8.05,38.3,109.8,20.09,50.2,Rice,87,2
0.2559,57.65,35.6,147.9,28.33,67.4,Wheat,42,0
0.5069,-5.73,19.6,123.7,33.48,44.8,Sugarcane,82,1
0.6318,-1.66,49.8,106.6,35.68,51.2,Wheat,99,2
0.2752,-35.59,2.1,141.3,31.72,76.4,Cotton,70,0
0.2684,30.94,14.5,155.4,30.13,51.3,Wheat,51,0
0.3432,6.91,63.8,109.8,15.79,36.3,Rice,32,0
0.7888,11.33,53.7,112.8,31.51,45.5,Wheat,105,2
0.2128,-29.25,0.0,73.9,40.88,28.0,Cotton,140,0
0.5071,-7.89,47.6,73.1,26.45,56.2,Rice,54,1
0.3405,2.06,31.0,79.3,20.79,40.3,Rice,32,0
0.8691,5.78,29.3,29.3,29.5,60.6,Rice,121,2
0.5422,3.35,24.7,75.6,38.52,40.7,Soybean,136,0
0.05,0.0,17.2,29.1,19.15,45.8,Cotton,13,0
0.2612,12.8,24.2,32.6,28.61,47.5,Rice,39,0
0.5968,8.29,57.1,72.0,17.99,45.7,Cotton,62,1
0.5102,-12.1,42.6,141.8,31.25,34.4,Sugarcane,57,1
0.6109,-5.31,19.2,97.1,22.07,45.9,Cotton,133,1
0.1914,-7.44,17.7,43.5,29.91,39.6,Cotton,33,0
0.5343,18.4,28.1,28.1,23.69,70.9,Sugarcane,67,1
0.4336,-13.04,8.1,32.8,34.0,25.5,Sugarcane,142,0
0.4415,7.16,8.8,166.5,22.22,59.0,Wheat,67,1
0.9375,0.28,47.4,47.4,30.67,48.8,Sugarcane,135,2
0.5622,8.54,26.8,129.4,32.97,62.1,Wheat,111,1
0.7516,-14.23,52.1,125.3,25.37,25.1,Wheat,97,2
0.05,-58.23,5.1,150.7,27.79,45.6,Cotton,14,0
0.1695,78.15,59.0,90.8,21.25,28.3,Wheat,26,0
0.05,-66.47,7.0,66.9,37.46,51.0,Soybean,37,0
0.05,-61.79,37.0,96.1,42.83,68.7,Sugarcane,32,0
0.5251,-16.16,0.0,34.6,30.72,70.0,Soybean,116,0
0.5626,-19.93,17.4,130.7,34.12,54.1,Sugarcane,136,1
0.357,-23.64,42.1,85.1,24.9,60.7,Soybean,38,1
0.05,-19.08,48.2,105.4,35.55,47.1,Wheat,13,0
0.7595,-7.83,44.4,110.9,35.43,54.8,Rice,98,2
0.8055,-2.75,57.1,152.9,30.88,47.7,Cotton,146,2
0.6008,3.04,44.5,45.4,38.41,56.5,Sugarcane,139,1
0.7885,-5.72,55.2,156.0,35.08,63.4,Sugarcane,130,1
0.7538,5.45,48.3,162.9,27.97,50.3,Rice,73,2
0.1615,-9.76,18.7,90.9,25.95,74.2,Sugarcane,35,0
0.8679,0.29,44.3,99.4,29.55,58.2,Rice,83,2
0.6121,-0.08,93.8,93.8,30.02,63.5,Wheat,73,2
0.3725,25.37,41.0,41.0,37.76,66.9,Cotton,61,1
0.6612,-9.65,133.8,149.7,34.18,62.9,Wheat,143,2
0.05,0.0,0.0,138.8,28.71,56.5,Rice,15,0
0.5875,-1.75,17.4,35.9,31.89,64.9,Soybean,109,1
0.7722,-2.07,40.7,95.3,34.46,59.4,Sugarcane,123,2
0.4033,-10.67,0.0,152.2,34.33,39.3,Soybean,135,0
0.2263,-25.46,13.2,72.2,21.79,57.7,Cotton,40,0
0.5356,47.5,47.9,97.3,31.12,84.0,Sugarcane,59,1
0.7969,-4.44,30.7,30.7,21.9,49.7,Rice,143,2
0.3601,-9.8,11.0,103.2,29.21,58.0,Sugarcane,67,1
0.319,-8.23,4.2,53.5,27.03,86.0,Sugarcane,78,0
0.6416,-11.63,56.8,74.6,27.83,67.2,Cotton,62,2
0.2747,-20.99,26.6,87.5,29.23,57.2,Soybean,46,0
0.05,-45.78,0.0,93.1,19.53,46.3,Rice,13,0
0.7515,4.84,66.2,122.3,34.63,82.9,Sugarcane,123,2
0.7778,-5.8,35.5,77.6,26.02,79.3,Sugarcane,120,2
0.2248,33.73,9.2,56.9,31.82,49.5,Cotton,50,0
0.2158,-7.19,42.5,63.0,25.74,83.7,Soybean,33,0
0.6071,-4.26,14.0,40.7,29.18,16.5,Soybean,134,1
0.6979,-20.46,15.1,78.1,26.04,53.8,Soybean,103,1
0.6574,-6.44,72.9,102.4,36.85,66.9,Rice,82,1
0.5696,-6.3,0.0,8.7,29.96,38.3,Wheat,114,1
0.5611,-10.5,52.5,85.5,31.21,37.1,Rice,57,1
0.601,-9.3,16.4,40.6,25.72,34.0,Cotton,87,1
0.5198,12.69,24.5,142.8,25.94,46.4,Rice,63,1
0.639,-5.66,31.4,153.7,35.66,30.3,Wheat,144,1
0.473,15.14,0.0,163.1,31.57,42.0,Cotton,88,0
0.3379,-21.58,0.0,128.8,35.38,54.6,Soybean,87,0
0.3152,26.07,13.7,75.2,30.24,55.1,Cotton,55,0
0.7653,0.53,93.8,93.8,30.62,97.4,Soybean,80,2
0.4377,-22.8,1.0,111.4,26.63,52.2,Soybean,131,0
0.8737,17.76,61.3,64.8,30.67,67.6,Soybean,107,2
0.752,0.77,21.8,84.5,20.95,57.9,Rice,98,2
0.1584,39.98,56.9,56.9,36.26,69.2,Cotton,37,0
0.5373,1.06,11.6,150.0,25.6,41.5,Soybean,82,1
0.8077,-2.23,32.9,96.0,30.03,29.6,Soybean,125,2
0.4855,-8.74,25.0,141.6,27.54,58.7,Soybean,67,1
0.6442,-0.65,80.4,133.7,36.71,31.9,Sugarcane,108,1
0.05,-60.76,0.0,147.6,39.77,74.2,Rice,34,0
0.8331,6.5,82.6,82.6,26.73,71.6,Soybean,82,2
0.4659,-24.59,31.7,145.2,24.98,71.3,Sugarcane,56,1
0.1572,154.98,44.4,73.1,20.02,51.4,Soybean,11,0
0.2789,13.43,21.3,102.2,29.48,48.8,Wheat,44,0
0.6935,-3.35,7.5,103.4,30.31,52.5,Cotton,97,1
0.05,0.0,5.7,124.3,25.57,46.5,Wheat,17,0
0.7581,-15.3,51.8,99.8,36.8,66.3,Rice,106,2
0.4792,-6.26,68.6,90.1,25.76,63.8,Wheat,60,1
0.7331,-1.26,44.1,44.1,29.81,48.1,Rice,59,2
0.5018,-7.05,62.6,72.5,25.04,60.0,Sugarcane,48,1
0.8844,5.53,35.8,106.8,31.12,71.4,Rice,132,2
0.341,-17.83,0.0,1.0,33.59,77.8,Sugarcane,106,0
0.457,16.82,37.6,37.6,23.46,50.5,Wheat,55,1
0.3119,22.92,19.5,104.1,28.36,67.6,Soybean,57,0
0.6524,-11.28,0.0,20.6,29.91,43.6,Rice,94,1
0.6963,-0.91,30.7,104.7,27.94,15.2,Sugarcane,87,2
0.7578,-9.04,28.7,33.9,30.17,54.7,Cotton,97,2
0.7266,-7.54,21.2,231.2,22.91,47.1,Wheat,98,2
0.05,-52.56,0.0,169.5,27.98,73.7,Cotton,15,0
0.2921,-9.67,37.9,108.3,23.71,54.1,Wheat,36,0
0.0803,60.6,0.0,26.2,29.54,94.2,Wheat,24,0
0.6652,-11.86,25.4,67.0,27.67,63.3,Soybean,91,2
0.4472,10.12,58.1,58.1,26.22,46.4,Rice,34,1
0.054,8.0,41.4,129.2,40.38,76.1,Wheat,39,0
0.1252,-38.05,13.5,69.1,22.74,48.0,Soybean,39,0
0.07,-43.25,0.0,100.5,29.36,46.7,Wheat,35,0
0.4306,19.07,32.2,137.9,25.12,54.8,Soybean,53,1
0.5632,-12.0,43.9,43.9,29.05,75.7,Wheat,53,1
0.05,-60.47,17.9,104.2,25.14,29.3,Sugarcane,17,0
0.8359,-11.77,35.4,110.2,31.65,50.9,Sugarcane,96,2
0.7157,0.44,32.6,79.1,26.82,58.1,Wheat,133,2
0.856,7.48,44.6,79.4,18.96,63.9,Soybean,117,2
0.2347,16.6,56.1,87.1,17.66,57.7,Soybean,27,0
0.299,14.16,17.9,17.9,35.36,51.3,Rice,55,0
0.7792,-1.33,33.3,60.8,26.37,38.4,Sugarcane,132,2
0.5736,5.06,10.4,85.5,33.44,30.1,Wheat,143,1
0.4326,13.85,16.4,29.2,35.62,68.8,Wheat,96,1
0.9046,9.24,67.5,120.8,30.5,39.7,Sugarcane,119,2
0.3525,-12.22,9.4,130.2,40.21,51.7,Soybean,144,0
0.551,-18.16,30.0,92.2,37.99,28.1,Sugarcane,128,1
0.2947,-11.4,9.2,43.4,19.87,45.6,Cotton,63,0
0.3707,-18.72,18.7,87.6,26.36,39.1,Cotton,58,1
0.1222,30.8,26.9,26.9,28.3,49.0,Soybean,30,0
0.9205,-0.94,57.3,57.3,26.41,47.6,Sugarcane,133,2
0.6377,-12.68,15.1,158.2,28.99,42.2,Wheat,110,2
0.052,-51.25,14.4,51.7,32.3,41.9,Soybean,26,0
0.2661,-16.2,16.3,107.4,38.44,49.4,Wheat,68,0
0.6006,-8.12,8.6,106.8,27.56,41.4,Sugarcane,90,0
0.4453,6.04,0.0,153.6,24.6,58.2,Wheat,79,1
0.5856,-6.12,24.5,106.8,29.28,81.0,Cotton,148,1
0.2288,-5.57,21.0,182.4,25.72,66.9,Wheat,31,0
0.1046,-58.75,12.1,135.4,29.3,60.5,Rice,22,0
0.7337,-2.01,33.3,174.7,22.88,57.8,Cotton,122,2
0.7981,1.42,60.5,60.5,24.89,55.2,Cotton,143,2
0.3245,13.08,20.9,161.3,29.06,64.7,Rice,38,0
0.8768,-4.1,36.3,135.1,32.47,59.6,Rice,124,2
0.7233,12.58,36.2,80.8,27.04,74.4,Wheat,112,2
0.5479,10.72,0.0,135.4,29.79,62.1,Wheat,129,1
0.5778,-8.43,0.0,105.4,26.69,57.8,Wheat,90,1
0.7591,-4.75,34.6,101.8,16.86,64.7,Wheat,149,2
0.05,0.0,2.7,127.2,21.97,41.1,Wheat,25,0
0.8262,4.12,53.7,126.1,33.24,51.5,Sugarcane,109,2
0.3201,3.93,19.2,120.0,34.92,61.0,Wheat,51,0
0.4973,-3.47,10.7,76.3,20.15,41.5,Sugarcane,133,1
0.8056,0.73,61.0,123.8,20.89,64.1,Cotton,114,2
0.4397,-10.55,12.7,80.9,34.92,44.4,Sugarcane,135,0
0.05,-52.02,21.4,162.4,28.81,57.7,Sugarcane,19,0
0.8214,1.01,34.5,98.5,23.7,60.0,Cotton,101,2
0.8621,4.09,51.4,51.4,31.89,44.8,Soybean,107,2
0.05,0.0,0.0,114.3,37.66,65.3,Soybean,64,0
0.7605,-13.96,35.6,35.6,24.64,42.8,Cotton,123,2
0.7142,3.41,1.7,121.8,28.79,41.6,Rice,118,1
0.2707,-13.09,43.8,85.4,25.68,34.8,Wheat,27,0
0.6859,-0.11,30.5,128.7,30.48,52.3,Cotton,133,2
0.2897,3.18,41.0,41.0,32.9,59.7,Wheat,44,0
0.1042,-46.51,3.2,86.5,39.67,44.9,Soybean,64,0
0.05,-41.34,18.8,72.1,20.69,54.6,Sugarcane,14,0
0.0865,22.75,44.5,87.0,25.86,47.7,Cotton,10,0
0.2295,6.12,43.2,46.8,21.8,51.9,Soybean,20,0
0.334,-2.56,47.9,47.9,37.02,38.3,Rice,47,0
0.3714,-10.58,24.0,102.8,31.29,70.9,Sugarcane,48,1
0.2678,0.73,56.9,111.4,26.25,57.7,Wheat,28,0
0.1479,19.97,29.4,29.4,37.39,50.5,Sugarcane,50,0
0.6198,-12.52,11.6,55.9,31.65,85.5,Wheat,84,1
0.2768,-18.91,26.7,95.2,31.13,45.1,Cotton,44,0
0.7383,-1.16,0.1,75.2,21.79,56.1,Rice,133,1
0.3548,4.0,36.4,36.4,27.73,61.1,Wheat,34,1
0.1242,-58.0,25.1,147.4,35.01,75.7,Cotton,35,0
0.9213,7.62,49.2,157.0,27.4,67.7,Soybean,128,2
0.2049,49.98,25.5,49.2,27.91,98.9,Soybean,26,0
0.6316,-3.69,21.6,98.9,30.38,34.8,Wheat,143,2
0.2665,1.81,10.1,85.5,33.43,53.9,Cotton,50,0
0.7235,-5.06,44.7,50.9,38.64,29.6,Rice,87,1
0.1556,-44.96,51.4,53.5,32.0,83.0,Rice,20,0
0.2494,14.79,7.7,78.8,19.22,48.8,Cotton,55,0
0.5037,-6.22,14.1,73.7,30.78,56.1,Cotton,81,1
0.3161,16.98,22.8,119.0,31.86,51.6,Wheat,43,0
0.269,-33.27,67.4,98.2,27.62,78.2,Soybean,30,0
0.4637,-9.57,25.8,77.5,24.96,94.0,Sugarcane,61,1
0.5929,-0.86,25.0,61.1,34.13,29.9,Rice,79,1
0.765,-0.71,40.4,91.4,35.48,31.2,Soybean,137,2
0.7388,-2.58,30.6,84.9,23.99,35.8,Soybean,122,2
0.6465,-7.21,0.0,71.5,34.12,65.6,Rice,120,1
0.4891,-1.45,81.7,98.2,41.95,44.8,Rice,94,0
0.2684,4.72,23.0,47.0,24.51,72.1,Cotton,38,0
0.8157,0.27,73.0,124.4,29.33,83.0,Soybean,76,2
0.3819,-31.67,0.0,15.5,20.39,71.3,Sugarcane,127,0
0.4114,-2.18,20.9,20.9,35.42,76.0,Rice,66,1
0.3732,2.18,32.7,72.4,19.91,46.3,Rice,37,1
0.2253,-17.03,14.7,160.4,23.3,65.8,Soybean,47,0
0.2954,-8.33,29.9,64.0,30.66,61.9,Cotton,29,0
0.05,-9.1,24.9,190.6,36.35,47.4,Soybean,12,0
0.1377,175.5,57.8,134.8,29.37,92.3,Wheat,18,0
0.6781,-5.2,28.1,98.0,26.29,48.2,Wheat,137,2
0.9234,-2.8,38.5,68.7,21.71,31.8,Wheat,146,2
0.5192,-10.77,30.2,49.2,22.44,46.2,Soybean,57,1
0.9195,-1.63,48.7,61.5,29.4,61.0,Rice,92,2
0.5097,-8.13,1.7,11.9,28.43,67.2,Wheat,125,1
0.2296,17.62,23.2,172.3,31.76,26.9,Rice,27,0
0.3718,18.94,28.7,63.1,29.02,46.5,Cotton,52,1
0.4982,-13.79,0.0,139.6,28.12,57.4,Sugarcane,108,0
0.712,-5.73,55.9,96.1,31.54,61.1,Wheat,75,2
0.05,-71.84,28.8,52.0,23.74,23.1,Wheat,21,0
0.5391,-14.78,40.1,87.5,21.5,55.1,Cotton,50,1
0.6427,-3.01,6.1,47.4,35.39,79.5,Rice,100,1
0.6986,-11.58,31.3,113.1,24.69,45.5,Wheat,95,2
0.529,-7.95,23.3,60.0,29.01,46.7,Soybean,72,1
0.6334,-15.11,25.4,74.1,26.79,66.4,Soybean,142,2
0.2899,-12.64,48.1,54.6,24.43,39.5,Cotton,34,0
0.3143,0.07,0.0,70.7,34.84,52.4,Rice,63,0
0.7985,-8.21,56.4,60.9,26.68,20.0,Sugarcane,115,2
0.2728,-16.44,14.2,88.5,23.02,24.9,Wheat,48,0
0.05,-0.74,0.0,92.9,27.66,53.7,Cotton,32,0
0.8714,5.45,38.2,38.2,31.37,48.3,Rice,140,2
0.5217,-2.99,2.6,146.6,28.11,52.8,Sugarcane,130,0
0.5473,-10.6,0.0,101.1,25.22,67.8,Cotton,108,1
0.083,-46.24,54.0,54.0,28.82,20.3,Cotton,13,0
0.1683,-11.39,7.3,35.8,30.0,49.8,Cotton,36,0
0.8331,-10.98,21.0,98.8,27.14,47.7,Rice,121,2
0.3105,-9.55,45.5,144.2,25.95,51.9,Wheat,37,0
0.727,-2.05,51.9,61.8,33.43,70.2,Sugarcane,76,1
0.2429,8.67,35.0,105.0,22.35,62.1,Soybean,37,0
0.1171,-54.85,32.1,93.3,24.9,63.5,Rice,19,0
0.2295,55.39,84.3,84.3,24.08,72.2,Rice,25,0
0.2169,29.25,46.3,136.8,30.37,90.9,Sugarcane,31,0
0.8386,5.94,75.0,154.4,25.03,44.8,Sugarcane,112,2
0.1336,-1.12,27.2,128.7,20.68,55.8,Sugarcane,33,0
0.7684,-5.69,35.6,101.1,27.9,60.6,Soybean,104,2
0.05,-67.86,10.1,77.9,38.35,54.1,Rice,38,0
0.3053,-25.4,62.0,62.0,35.99,39.3,Sugarcane,47,0
0.3819,0.67,23.3,102.9,38.53,32.3,Wheat,125,0
0.05,-70.04,44.9,116.3,39.07,70.7,Soybean,16,0
0.4705,-3.25,1.4,61.5,28.8,57.6,Wheat,138,1
0.8344,6.67,70.7,99.3,24.45,27.7,Cotton,121,2
0.05,-32.23,0.0,117.7,35.46,70.3,Sugarcane,64,0
0.9074,-0.96,40.3,40.3,27.5,67.0,Rice,131,2
0.0886,-46.33,29.6,92.6,32.08,65.4,Cotton,16,0
0.6395,-6.25,41.9,96.3,31.48,36.0,Rice,55,2
0.5225,1.49,22.8,43.2,34.39,38.5,Cotton,69,1
0.8131,-7.51,69.5,69.5,29.09,67.1,Wheat,104,2
0.8121,-0.62,61.2,61.2,31.86,51.7,Sugarcane,82,2
0.0511,2.19,33.6,84.9,36.86,70.1,Sugarcane,28,0
0.1032,12.97,4.8,95.7,30.8,50.3,Cotton,45,0
0.9134,2.32,63.2,89.5,26.38,56.6,Sugarcane,101,2
0.5453,22.46,59.3,89.6,28.76,44.6,Wheat,70,1
0.05,-34.47,6.0,12.6,24.45,49.2,Cotton,16,0
0.7573,-6.38,80.1,80.1,24.72,65.5,Wheat,94,2
0.2194,70.01,56.1,143.1,26.94,53.5,Sugarcane,24,0
0.6286,11.09,21.4,155.2,25.85,27.4,Wheat,78,2
0.8073,-2.19,39.6,132.4,31.9,63.2,Soybean,139,2
0.5007,-3.52,0.0,72.7,22.41,44.0,Soybean,94,0
0.3402,3.61,18.4,83.3,35.1,68.6,Rice,60,0
0.3908,11.63,3.7,127.5,24.55,74.6,Wheat,64,1
0.7759,-2.72,34.0,79.8,23.27,34.1,Wheat,143,2
0.3406,-11.35,14.5,99.2,41.69,72.6,Sugarcane,121,0
0.8722,0.62,49.7,62.8,21.84,37.7,Soybean,145,2
0.7782,2.12,54.2,108.5,33.14,23.7,Sugarcane,139,2
0.4604,-29.39,25.9,59.4,19.23,68.0,Cotton,66,2
0.7887,-5.99,48.7,48.7,30.16,66.6,Cotton,96,2
0.0906,-15.53,29.6,31.3,28.62,57.6,Rice,23,0
0.4908,-8.32,21.7,74.4,38.65,58.3,Cotton,113,0
0.6775,-9.67,13.5,73.2,23.74,56.1,Rice,74,2
0.3698,-2.8,0.0,30.3,19.96,64.5,Cotton,77,1
0.2394,7.89,0.0,27.1,29.01,73.0,Wheat,52,0
0.0529,-28.58,11.6,32.6,20.42,33.4,Soybean,37,0
0.1622,39.18,23.8,201.1,20.48,57.4,Cotton,30,0
0.5174,-11.04,32.4,159.2,18.11,42.4,Soybean,54,1
0.1973,-29.71,0.0,129.8,34.32,45.1,Sugarcane,58,0
0.6802,-11.84,12.0,148.2,31.74,46.0,Soybean,118,1
0.5014,36.46,42.9,71.8,27.33,55.6,Wheat,64,1
0.0903,-23.69,5.2,5.2,20.76,61.4,Soybean,43,0
0.5487,23.66,39.4,87.4,33.11,69.5,Cotton,68,1
0.5682,-6.05,10.6,37.3,29.35,91.5,Soybean,98,1
0.5461,-18.21,51.9,130.3,35.8,48.6,Sugarcane,71,1
0.7108,-3.21,41.4,60.9,33.49,61.1,Soybean,131,2
0.5167,-20.66,44.4,164.8,31.07,55.3,Wheat,53,1
0.6125,-10.16,40.8,102.8,29.09,87.5,Rice,65,2
0.6459,-13.75,25.3,62.7,31.89,56.4,Cotton,93,2
0.3396,1.46,35.9,88.2,32.52,46.3,Wheat,43,0
0.6272,0.71,19.0,77.9,30.82,74.1,Wheat,99,2
0.5513,-16.47,15.1,80.2,31.93,59.8,Soybean,87,1
0.8787,-3.59,60.6,106.3,28.22,60.4,Sugarcane,108,2
0.5241,-5.27,0.0,116.4,27.13,66.7,Soybean,122,0
0.6122,6.67,34.1,83.1,37.42,44.3,Sugarcane,102,1
0.5356,-8.42,18.2,64.2,29.31,36.2,Cotton,120,1
0.7376,1.36,69.0,81.8,35.5,54.6,Wheat,114,2
0.5081,1.02,72.7,116.7,26.42,59.9,Sugarcane,47,1
0.7403,-1.16,55.1,128.1,25.5,48.6,Soybean,73,2
0.5129,7.44,46.4,104.4,28.68,60.4,Cotton,60,1
0.8284,-0.21,84.5,135.6,24.16,85.5,Soybean,119,2
0.6925,-0.65,24.1,61.3,30.03,60.6,Wheat,148,2
0.05,0.0,31.0,97.4,38.18,57.6,Cotton,33,0
0.6676,-6.48,27.3,62.2,30.76,46.5,Wheat,100,2
0.8294,5.44,36.1,36.1,21.63,46.2,Cotton,104,2
0.5478,-4.22,30.9,50.7,38.93,51.0,Sugarcane,115,0
0.8111,-0.86,71.6,71.6,34.5,63.2,Soybean,108,2
0.657,17.25,53.9,168.3,29.99,53.4,Wheat,129,2
0.2302,18.84,50.4,50.4,26.49,48.1,Soybean,18,0
0.8884,0.13,52.6,132.5,28.83,29.6,Rice,136,2
0.8964,-4.26,58.5,90.7,24.4,48.1,Cotton,140,2
0.1246,-8.91,12.8,55.9,29.92,52.4,Soybean,41,0
0.4253,8.06,57.8,57.8,30.73,75.7,Soybean,46,1
0.6629,-1.47,29.4,38.0,19.65,52.7,Cotton,146,2
0.4702,-17.88,32.3,141.0,30.99,49.3,Rice,60,1
0.95,3.35,43.4,43.4,30.56,87.0,Rice,109,2
0.6995,-0.97,25.9,150.0,32.7,29.6,Cotton,98,2
0.4665,27.61,60.0,138.9,25.25,54.1,Sugarcane,50,1
0.6769,9.82,0.0,88.8,28.72,59.3,Rice,112,1
0.3721,-27.17,5.4,65.0,39.52,44.0,Sugarcane,106,0
0.3766,-17.39,12.2,105.1,38.65,43.6,Wheat,130,0
0.57,-4.97,8.8,63.4,30.08,73.9,Cotton,127,1
0.1381,176.21,33.9,143.9,29.15,56.3,Rice,24,0
0.8416,4.16,35.2,35.2,24.48,70.9,Wheat,115,2
0.5191,-2.85,27.0,182.6,26.73,73.6,Soybean,65,1
0.1122,-31.65,27.6,159.0,35.25,73.0,Wheat,56,1
0.459,-7.28,36.5,123.9,27.66,77.5,Cotton,50,1
0.8098,-8.54,55.5,84.4,33.95,57.6,Sugarcane,80,2
0.6376,3.68,0.0,121.9,25.52,83.2,Rice,80,1
0.7069,7.05,22.4,73.6,25.24,59.1,Wheat,135,2
0.5439,-22.82,43.3,126.5,31.76,78.6,Wheat,57,1
0.6002,-1.44,0.0,89.6,31.52,53.9,Rice,74,1
0.5217,0.13,25.0,132.2,26.57,50.7,Wheat,66,1
0.3075,-31.94,1.6,105.2,31.02,42.0,Wheat,51,0
0.0769,-21.35,0.0,143.8,24.71,69.6,Rice,30,0
0.5903,11.27,75.7,84.6,39.55,49.2,Wheat,118,1
0.8294,-6.33,68.4,99.3,18.56,35.3,Sugarcane,111,2
0.7749,0.21,16.3,125.8,23.35,61.9,Rice,86,2
0.4385,-7.67,42.4,42.4,32.07,70.4,Soybean,45,1
0.6307,14.3,27.3,134.6,29.33,37.8,Sugarcane,74,2
0.6602,0.8,18.8,98.6,25.45,62.7,Sugarcane,95,1
0.6248,11.77,45.8,160.8,36.0,63.7,Wheat,147,0
0.4635,-12.76,38.9,38.9,33.35,69.0,Sugarcane,55,1
0.5827,-3.03,61.8,61.8,28.71,52.6,Wheat,72,1
0.4283,7.5,48.1,48.1,22.32,57.5,Rice,43,1
0.3994,-28.02,77.6,95.3,31.71,69.8,Soybean,42,1
0.4489,-23.58,6.4,168.1,33.01,46.8,Sugarcane,127,0
0.7123,9.12,28.5,115.6,30.5,45.6,Cotton,128,2
0.9446,-0.57,54.8,123.3,28.36,78.3,Rice,110,2
0.7049,11.45,38.8,109.4,32.87,37.8,Cotton,107,2
0.48,-10.68,0.0,97.5,28.52,72.7,Wheat,68,1
0.7686,-7.56,30.2,78.0,24.69,48.0,Sugarcane,101,2
0.5915,7.64,46.9,111.2,27.47,39.4,Rice,62,1
0.7023,-2.35,70.1,108.4,27.12,61.0,Cotton,110,2
0.2841,-43.31,0.0,69.3,35.4,58.9,Sugarcane,99,0
0.05,-38.07,4.1,38.2,26.74,64.5,Sugarcane,14,0
0.5134,2.17,42.7,102.0,30.38,53.3,Sugarcane,52,1
0.84,-3.82,34.5,89.7,30.28,45.1,Soybean,130,2
0.778,-6.83,30.5,41.5,30.76,58.6,Wheat,144,2
0.7232,-8.51,30.0,108.2,31.42,59.5,Wheat,118,2
0.2465,57.2,49.1,49.1,29.93,66.6,Sugarcane,27,0
0.4802,0.98,0.0,17.5,31.68,51.7,Rice,69,1
0.05,0.0,9.8,63.2,30.73,51.2,Rice,17,0
0.05,-72.63,17.1,38.1,29.06,62.2,Sugarcane,28,0
0.7551,-0.18,48.5,92.4,29.23,74.4,Cotton,133,2
0.8313,2.85,20.8,20.8,17.65,86.1,Rice,117,2
0.5984,-12.91,21.7,43.0,21.93,23.4,Sugarcane,89,1
0.8592,-7.76,53.9,90.8,27.51,57.0,Sugarcane,106,2
0.6386,14.24,0.0,68.1,29.02,61.9,Rice,109,1
0.4721,-0.27,0.0,34.8,30.95,42.7,Sugarcane,105,0
0.376,-15.48,40.0,73.3,26.39,77.0,Wheat,40,1
0.41,23.98,40.1,62.5,28.52,46.2,Wheat,45,1
0.1412,-24.02,24.9,112.5,27.18,44.9,Rice,12,1
0.6084,-9.27,16.2,166.3,30.58,55.2,Wheat,119,2
0.8863,2.35,49.3,109.4,16.48,52.6,Sugarcane,126,2
0.06,20.09,0.0,41.2,30.41,10.0,Cotton,43,0
0.2099,-25.34,24.6,84.6,33.2,55.3,Rice,33,0
0.1482,30.57,26.5,72.7,33.59,50.0,Sugarcane,29,0
0.1151,-27.36,5.8,115.4,25.75,55.5,Sugarcane,51,0
0.4993,-21.11,1.9,36.6,30.35,60.1,Cotton,100,1
0.6537,-5.38,11.9,78.6,27.34,73.8,Soybean,93,1
0.8237,4.48,31.5,110.1,31.97,62.3,Rice,149,2
0.558,-3.28,0.0,123.8,30.73,34.9,Wheat,120,1
0.7087,-2.42,0.0,116.0,21.33,51.5,Rice,107,1
0.6229,-21.56,0.0,133.8,16.44,75.9,Rice,144,1
0.9394,2.78,57.1,68.2,27.2,42.4,Rice,130,2
0.4,-24.9,7.6,73.6,29.54,45.4,Soybean,75,1
0.3033,44.19,25.6,112.7,23.83,61.4,Cotton,44,0
0.8369,1.13,10.0,33.9,30.14,33.6,Rice,137,2
0.8986,2.9,27.2,153.4,27.38,59.1,Rice,113,2
0.7477,20.97,44.6,109.4,34.31,50.9,Rice,95,2
0.2723,-15.35,33.4,103.9,21.84,43.1,Sugarcane,26,0
0.3366,-15.41,17.1,74.2,39.25,52.2,Soybean,106,0
0.2136,87.29,40.1,150.4,29.69,43.0,Rice,24,0
0.4174,1.36,7.6,187.0,32.96,28.1,Sugarcane,148,0
0.8975,1.33,70.6,90.5,27.95,36.3,Sugarcane,149,1
0.5961,-9.44,26.8,156.5,21.06,95.3,Sugarcane,77,1
0.66,1.06,50.5,133.6,25.43,44.5,Cotton,74,2
0.6977,5.59,64.8,125.1,28.65,64.1,Cotton,120,2
0.7523,-4.74,35.0,162.9,33.34,47.7,Soybean,132,2
0.4333,-11.34,2.3,105.8,32.68,50.3,Sugarcane,126,0
0.05,-78.8,3.3,147.5,31.0,70.1,Sugarcane,13,0
0.3279,-9.07,41.8,62.1,26.73,33.8,Sugarcane,35,0
0.2581,-37.73,0.0,195.6,30.63,42.6,Rice,41,0
0.6997,-2.38,96.3,96.3,27.97,38.0,Soybean,78,2
0.7831,4.78,58.7,58.7,22.05,52.9,Rice,80,2
0.8518,-1.24,44.9,44.9,24.36,57.0,Rice,124,2
0.4838,-17.34,0.0,109.6,28.11,52.7,Sugarcane,133,0
0.7328,6.4,38.0,193.2,35.0,67.5,Rice,84,2
0.247,-16.14,15.6,77.8,24.17,70.9,Sugarcane,48,0
0.6854,6.61,28.9,56.0,18.35,33.8,Cotton,138,2
0.7081,-9.63,26.8,160.4,25.09,53.0,Wheat,130,2
0.4404,-18.86,0.0,45.0,34.48,23.9,Sugarcane,100,0
0.1471,-5.21,77.4,160.6,28.4,57.0,Soybean,19,0
0.4137,12.4,75.3,85.2,23.76,34.5,Wheat,47,1
0.6104,-1.66,47.3,47.3,29.23,49.9,Cotton,59,2
0.2625,-10.82,65.6,79.6,30.73,73.3,Soybean,23,0
0.5181,-8.77,58.4,157.3,26.04,43.8,Wheat,65,1
0.7143,-5.71,43.6,62.7,36.82,33.1,Cotton,96,1
0.95,6.19,54.3,68.6,24.18,31.5,Soybean,114,2
0.2347,-23.22,0.0,40.9,33.97,62.0,Sugarcane,76,0
0.05,-64.23,11.0,61.0,25.95,44.1,Sugarcane,10,0
0.7325,-1.47,26.1,197.8,23.86,52.6,Soybean,107,2
0.3059,-20.7,41.4,132.3,31.95,68.4,Soybean,24,0
0.312,-15.29,13.3,132.4,32.55,83.8,Wheat,60,0
0.7289,-4.23,24.6,114.0,21.95,66.9,Sugarcane,126,1
0.6328,5.37,38.6,95.0,29.99,88.3,Soybean,68,2
0.4418,-11.21,0.0,53.0,22.77,28.0,Sugarcane,118,0
0.1965,-14.18,44.6,45.3,33.42,75.9,Soybean,24,0
0.859,2.58,74.5,106.1,26.03,52.6,Sugarcane,126,2
0.8124,1.4,55.1,108.5,24.68,47.5,Soybean,89,2
0.7605,-11.4,50.9,95.9,22.19,58.3,Cotton,123,2
0.176,-27.64,8.1,89.5,32.33,70.3,Rice,33,0
0.8063,8.84,55.1,106.6,26.35,50.8,Cotton,85,2
0.3552,0.76,19.0,19.0,35.75,38.5,Wheat,70,0
0.3666,29.84,32.8,139.2,25.95,87.0,Sugarcane,55,1
0.8453,-5.59,38.5,111.6,31.86,59.5,Rice,101,2
0.3691,-5.21,74.1,106.5,22.86,81.6,Rice,42,1
0.7913,6.2,49.1,102.2,31.57,42.8,Cotton,100,2
0.8025,0.99,76.1,77.0,18.37,75.9,Wheat,121,2
0.8603,-1.08,78.5,92.6,20.31,59.9,Cotton,131,2
0.7751,-3.61,7.1,166.1,28.64,29.8,Rice,109,1
0.542,-10.77,3.4,144.3,30.24,62.2,Soybean,121,0
0.4406,-20.4,59.1,160.7,22.89,51.9,Wheat,46,1
0.1133,-28.03,61.9,92.9,34.22,66.8,Sugarcane,26,0
0.7686,0.97,23.8,23.8,32.42,58.1,Rice,102,2
0.5417,28.88,30.1,30.1,35.75,55.2,Wheat,139,1
0.7502,1.71,35.3,133.2,33.3,57.9,Soybean,146,2
0.6811,-14.09,27.4,163.8,30.87,60.7,Cotton,73,2
0.8163,8.65,84.8,85.9,27.86,22.6,Cotton,102,2
0.2535,35.32,74.9,117.6,40.4,39.7,Rice,47,0
0.5946,-3.7,18.8,64.2,24.43,36.1,Wheat,84,1
0.3949,15.05,59.2,59.2,26.84,65.7,Soybean,40,1
0.3191,9.39,10.6,114.3,29.03,47.2,Soybean,64,0
0.05,0.0,20.1,145.0,30.22,69.4,Sugarcane,11,0
0.056,-6.46,13.2,52.6,33.91,69.6,Sugarcane,30,0
0.6919,1.73,24.2,113.7,35.2,54.1,Rice,88,1
0.406,-10.93,12.3,36.2,31.11,33.2,Wheat,59,1
0.5964,1.49,0.2,127.5,29.94,58.9,Wheat,108,1
0.5103,7.11,47.2,63.2,31.05,73.9,Cotton,51,1
0.6557,2.91,22.2,163.1,25.36,46.1,Wheat,107,2
0.5506,-19.15,57.1,82.8,41.4,37.4,Cotton,131,0
0.2754,-36.5,7.0,44.5,29.0,55.3,Rice,50,0
0.2383,-26.69,14.3,76.6,27.21,55.0,Sugarcane,52,0
0.7444,-0.1,29.8,101.6,27.79,70.0,Cotton,104,2
0.8244,-12.79,30.8,87.2,26.21,66.5,Sugarcane,112,2
0.0616,23.22,0.0,131.5,21.72,40.2,Rice,22,0
0.841,-5.7,48.2,48.2,28.73,49.3,Cotton,132,2
0.2796,-10.53,14.7,101.8,24.31,60.6,Cotton,37,0
0.3264,-13.49,0.0,162.4,30.56,39.3,Soybean,77,0
0.418,24.89,57.8,85.4,24.35,48.0,Soybean,35,1
0.7846,2.72,35.4,50.4,33.82,70.2,Sugarcane,122,2
0.1917,-43.26,0.0,156.4,37.5,51.5,Soybean,74,0
0.6591,-16.24,0.0,74.2,31.5,47.6,Wheat,122,1
0.4786,33.87,11.3,80.2,27.87,69.3,Soybean,82,1
0.2488,19.47,13.6,99.4,23.6,36.8,Cotton,54,0
0.4998,1.89,47.2,47.2,27.21,46.8,Wheat,53,1
0.7061,5.55,28.8,61.2,22.87,54.0,Soybean,76,2
0.4194,10.22,0.0,50.6,26.75,48.9,Sugarcane,87,0
0.05,0.0,0.0,72.2,30.46,43.3,Wheat,22,0
0.8034,-12.7,31.4,146.2,27.35,45.7,Wheat,121,2
0.1366,-15.56,56.1,86.1,31.97,66.7,Wheat,19,0
0.618,-8.35,5.3,57.4,33.64,69.4,Rice,79,1
0.7326,6.92,40.3,103.9,31.04,62.1,Soybean,85,2
0.4618,-10.56,71.4,71.4,36.82,56.3,Rice,58,1
0.224,-13.87,0.0,84.7,31.58,51.8,Cotton,53,0
0.7136,3.58,20.2,100.2,19.2,43.3,Rice,93,2
0.7736,8.54,47.6,232.4,36.27,57.0,Sugarcane,104,1
0.2716,2.97,40.0,144.7,26.16,57.9,Sugarcane,27,0
0.6579,-6.32,37.0,99.8,26.8,65.0,Soybean,67,2
0.05,-70.3,7.2,94.8,24.46,74.2,Sugarcane,24,0
0.5637,-4.94,19.4,177.1,28.17,34.7,Cotton,74,1
0.6555,22.69,29.5,166.3,21.31,46.2,Cotton,87,2
0.733,-0.75,52.6,109.5,32.04,48.2,Sugarcane,79,2
0.05,-28.68,12.5,30.0,30.02,46.7,Soybean,27,0
0.4414,26.37,43.9,188.3,32.79,78.9,Soybean,54,1
0.2434,61.43,47.5,150.6,16.32,73.8,Soybean,24,0
0.7896,13.94,39.5,140.0,31.15,32.9,Cotton,135,2
0.7456,0.21,0.0,56.4,24.59,48.2,Rice,93,1
0.1762,-5.46,57.5,57.5,35.93,77.0,Soybean,25,0
0.4444,-10.26,2.5,90.6,33.24,74.6,Soybean,89,0
0.9108,-3.84,48.4,108.1,29.71,60.4,Sugarcane,104,2
0.9383,6.89,36.4,68.3,30.17,60.2,Rice,142,2
0.6169,-18.05,17.3,63.2,23.99,28.9,Wheat,81,2
0.8099,0.96,48.8,87.7,33.17,53.5,Sugarcane,108,2
0.1372,15.05,53.7,149.6,36.03,61.6,Cotton,44,0
0.8807,-7.29,64.1,78.2,22.47,54.4,Sugarcane,124,2
0.7368,-11.44,31.8,110.0,32.13,44.1,Sugarcane,115,2
0.05,-62.93,0.0,60.8,33.86,55.0,Soybean,39,0
0.5992,-2.6,14.4,88.3,26.09,91.5,Sugarcane,121,2
0.1687,43.13,39.0,78.0,21.88,42.7,Cotton,18,0
0.8022,-2.16,34.3,34.3,24.77,50.7,Sugarcane,141,1
0.7705,-0.69,29.9,32.4,34.77,73.9,Rice,95,1
0.0945,-39.17,0.0,118.2,33.46,76.6,Cotton,52,0
0.26,17.25,32.9,91.9,30.06,66.1,Cotton,28,0
0.05,-37.22,15.9,15.9,29.12,62.2,Soybean,15,0
0.5985,-9.04,19.5,31.4,28.55,83.3,Cotton,94,1
0.3258,6.44,40.3,120.2,27.66,45.3,Wheat,41,0
0.228,-4.9,21.4,149.5,22.93,28.8,Soybean,35,0
0.864,17.69,35.2,63.8,31.53,40.6,Rice,98,2
0.8194,7.57,46.8,113.8,31.75,54.9,Cotton,100,2
0.3183,-7.24,13.0,161.3,30.88,44.3,Rice,45,0
0.8918,1.89,31.7,31.7,18.25,49.4,Rice,146,2
0.8019,-9.55,63.9,147.6,34.26,36.9,Sugarcane,98,2
0.2469,54.27,0.0,185.9,25.04,25.1,Sugarcane,70,0
0.7226,4.18,20.5,20.5,29.13,41.5,Soybean,130,1
0.8223,5.88,95.0,115.2,28.27,50.6,Soybean,139,2
0.3044,-8.33,16.2,16.2,23.17,68.9,Sugarcane,58,0
0.1613,-23.38,45.8,56.6,31.88,49.1,Wheat,20,0
0.8322,2.9,48.7,81.7,26.64,79.0,Soybean,85,2
0.7474,-9.6,32.9,81.8,29.57,60.1,Cotton,149,2
0.8851,-6.07,64.4,90.4,32.45,70.1,Soybean,110,2
0.5361,-16.51,16.5,82.2,27.93,49.5,Cotton,148,1
0.05,-26.42,0.0,121.0,25.07,38.0,Sugarcane,11,0
0.667,-11.63,50.0,50.0,24.04,55.4,Rice,64,2
0.6413,5.71,59.4,188.7,24.03,43.9,Cotton,70,2
0.7601,-13.43,68.7,68.7,36.49,46.4,Rice,101,1
0.2191,61.78,48.0,81.3,31.61,51.9,Sugarcane,13,0
0.6207,8.93,28.6,28.6,25.54,38.4,Wheat,70,2
0.2139,-10.66,72.2,84.2,28.81,74.4,Soybean,13,0
0.1875,31.56,0.0,58.8,36.16,74.5,Soybean,70,0
0.4371,-7.33,25.7,27.5,27.77,81.5,Sugarcane,58,1
0.4517,-11.53,0.0,6.0,29.38,60.8,Soybean,108,0
0.5428,-14.54,49.3,81.3,32.69,75.3,Wheat,77,1
0.8437,-2.87,21.1,106.0,23.44,50.7,Rice,145,2
0.4776,-11.52,47.3,142.8,33.98,61.4,Rice,50,1
0.5521,6.64,27.8,44.4,27.69,50.0,Rice,58,1
0.05,-7.94,0.0,83.2,24.79,36.1,Soybean,17,1
0.05,-26.87,29.9,140.7,36.35,57.2,Wheat,15,0
0.3954,16.62,63.1,63.1,27.83,60.1,Soybean,42,1
0.159,8.39,11.1,11.1,33.28,61.9,Soybean,49,0
0.4059,-19.54,0.0,11.8,25.86,54.6,Sugarcane,87,0
0.3646,28.59,44.0,103.6,29.05,35.6,Wheat,48,0
0.2837,17.49,0.0,93.6,24.62,39.0,Rice,49,0
0.7688,-9.11,50.4,67.8,26.97,83.1,Soybean,134,2
0.6528,2.5,21.7,161.3,27.39,44.4,Cotton,122,2
0.5439,10.68,10.7,88.5,21.78,55.5,Rice,73,2
0.3541,-12.39,42.7,83.5,27.32,66.9,Cotton,43,1
0.6578,3.41,12.6,62.7,21.67,48.0,Sugarcane,142,1
0.05,-17.62,12.5,68.3,39.57,44.8,Cotton,50,0
0.6945,13.06,41.9,141.4,22.42,64.8,Sugarcane,76,2
0.6319,-14.32,31.3,125.9,33.37,77.0,Cotton,103,2
0.112,-2.58,0.0,20.8,26.69,85.2,Cotton,44,0
0.659,-3.37,51.9,85.4,39.5,64.4,Sugarcane,136,1
0.05,-39.34,0.0,135.5,27.08,69.3,Soybean,20,0
0.3044,-7.88,24.5,135.1,25.42,64.2,Rice,29,0
0.4738,17.33,77.5,108.6,32.5,54.5,Rice,53,1
0.8049,-3.67,48.6,110.8,33.59,47.3,Rice,108,2
0.4182,45.11,78.5,78.5,24.03,51.4,Cotton,40,1
0.4832,-3.84,36.6,56.2,38.96,56.9,Wheat,136,0
0.8803,4.78,41.0,89.9,22.11,49.9,Soybean,100,2
0.4761,-15.72,40.9,79.1,34.97,28.9,Soybean,65,1
0.7117,-8.67,31.3,112.9,33.09,74.1,Wheat,95,2
0.6732,0.72,7.0,73.5,26.39,37.2,Rice,120,1
0.4859,1.27,43.9,99.4,27.72,41.3,Wheat,51,1
0.3612,-15.63,11.7,63.5,26.19,50.7,Sugarcane,64,1
0.8913,4.62,78.9,118.0,31.72,47.7,Soybean,131,2
0.7881,-6.72,0.0,111.9,24.6,71.9,Rice,110,1
0.6124,2.52,85.9,127.3,24.5,56.0,Rice,62,2
0.05,0.0,0.0,0.0,27.28,43.7,Sugarcane,35,0
0.1755,-37.6,14.1,109.4,35.96,62.7,Wheat,46,0
0.7759,9.19,54.9,68.2,25.05,63.0,Soybean,106,2
0.5267,7.38,55.8,55.8,24.12,62.9,Soybean,60,1
0.1496,40.52,68.5,68.5,34.11,54.1,Soybean,33,0
0.8254,10.15,40.5,182.4,21.84,47.7,Sugarcane,89,2
0.4515,-11.35,0.0,90.9,22.97,55.2,Wheat,69,1
0.788,9.53,31.7,118.2,31.32,53.5,Soybean,119,2
0.6145,9.09,51.1,94.7,36.39,62.6,Wheat,132,1
0.6368,-7.96,75.0,198.3,22.57,35.7,Wheat,92,2
0.5836,-10.69,0.0,85.5,29.92,66.7,Wheat,105,1
0.0652,-35.95,45.8,45.8,35.95,73.4,Rice,15,0
0.4312,4.21,61.0,66.2,34.48,56.8,Rice,58,1
0.5121,-28.19,14.5,58.6,32.21,81.3,Soybean,149,1
0.4534,-16.87,19.1,89.8,29.96,39.3,Cotton,72,1
0.2443,-17.55,20.7,42.0,38.86,40.7,Sugarcane,76,1
0.7005,0.08,33.9,101.7,28.38,44.5,Cotton,80,2
0.1981,-12.64,27.0,144.6,35.13,74.3,Cotton,41,0
0.4186,-17.68,0.0,125.9,30.22,67.4,Soybean,82,0
0.05,-8.21,0.0,83.3,25.14,41.4,Wheat,21,0
0.8434,-9.15,29.1,35.8,25.65,52.4,Rice,95,2
